,lipid,fc,p,pnd1,pnd2
0,SM(14:0)+H,1.1886670391412142,0.04063195983823151,30,60
1,SM(16:0)+H,0.9792902007293723,0.8249529872371902,30,60
2,SM(18:0)+H,0.8152157173009422,0.16358612729757072,30,60
3,SM(18:1)+H,0.9681243721558005,0.6436688088483412,30,60
4,SM(20:0)+H,0.5675208884163601,0.03595460659194413,30,60
5,SM(20:1)+H,1.0519164046034517,0.6982278372166872,30,60
6,SM(22:1)+H,0.8240364675843999,0.43992622331125675,30,60
7,SM(24:0)+H,0.47594709401057217,0.03213626753060149,30,60
8,SM(24:1)+H,0.6042438623985815,0.01860089044834879,30,60
9,CE(22:6)+H,0.6815150551507486,0.6301948404435347,30,60
10,CE(14:0)+H,1.4707172988472141,0.2771176494536972,30,60
11,CE(16:1)+H,0.2125547828287664,0.4058108592263532,30,60
12,CE(18:0)+H,0.42060635377184263,0.15310996644702313,30,60
13,CE(18:1)+H,1.2364900107043701,0.5494367755942904,30,60
14,CE(20:3)+H,0.9360569361065035,0.8683845466421335,30,60
15,CE(20:4)+H,0.6077688217515359,0.2513343104875399,30,60
16,CE(20:5)+H,0.9359689663709396,0.9005375430165875,30,60
17,CE(22:2)+H,0.9082237170595351,0.8386586977249003,30,60
18,CE(24:1)+H,2.203530906328792,0.07908259273265579,30,60
19,CER(14:0)+H,0.9576792703748936,0.9154221451407946,30,60
20,CER(16:0)+H,0.7492062446556778,0.4474681148241071,30,60
21,CER(18:0)+H,1.2971209998867665,0.4724091491065774,30,60
22,CER(18:1)+H,0.8809218767733376,0.7479692315575146,30,60
23,CER(20:0)+H,0.6729178530035055,0.24728952678565363,30,60
24,CER(20:1)+H,0.7285495924370267,0.3655656269338776,30,60
25,CER(22:0)+H,0.8079033803541218,0.5387023761750889,30,60
26,CER(22:1)+H,0.7895860992469164,0.4755422242402114,30,60
27,CER(24:0)+H,0.7919224766350502,0.4800510143456068,30,60
28,CER(24:1)+H,0.650352087533604,0.21971280715220426,30,60
29,CER(26:1)+H,0.628752639204597,0.3256979143868799,30,60
30,DCER(14:0)+H,0.6912482236966866,0.41126447380145614,30,60
31,DCER(16:0)+H,0.7375074822083848,0.2112363927246021,30,60
32,DCER(18:0)+H,0.8673723678297305,0.7142269946807743,30,60
33,DCER(18:1)+H,1.3219129813968864,0.5867166545627378,30,60
34,DCER(20:0)+H,0.6040865904971771,0.2551802765213158,30,60
35,DCER(20:1)+H,0.9200336743930616,0.8640096929707172,30,60
36,DCER(22:0)+H,0.7423670589358177,0.4177006644050917,30,60
37,DCER(22:1)+H,0.9329316575986378,0.834163806940581,30,60
38,DCER(24:0)+H,0.6254912846584917,0.2938358976861185,30,60
39,DCER(24:1)+H,0.7367005296999914,0.3789755730816696,30,60
40,DCER(26:0)+H,1.128813283291403,0.7334302717150623,30,60
41,DCER(26:1)+H,0.39511096996548856,0.21707393887768203,30,60
42,HCER(14:0)+H,0.7412036651976157,0.4296128176778322,30,60
43,HCER(16:0)+H,0.8641065430401758,0.6853699156141523,30,60
44,HCER(18:0)+H,0.9542049713000583,0.9253856701484386,30,60
45,HCER(18:1)+H,0.8870621362435054,0.7547347400796501,30,60
46,HCER(20:0)+H,0.7920897822646384,0.5950909491179535,30,60
47,HCER(20:1)+H,0.9045430369514965,0.7977845501483767,30,60
48,HCER(22:0)+H,0.782816860949666,0.4662275017986274,30,60
49,HCER(22:1)+H,0.786424737995392,0.466657233129232,30,60
50,HCER(24:0)+H,0.8345826399468264,0.6381074499671945,30,60
51,HCER(24:1)+H,0.8305705319172935,0.5863240389984182,30,60
52,HCER(26:0)+H,0.7161184616746742,0.34358719356508627,30,60
53,HCER(26:1)+H,0.896905117651137,0.7750521061720343,30,60
54,HCER(d18:0/18:0)+H,0.9474117061084829,0.9148453241111193,30,60
55,HCER(d18:0/22:0)+H,0.6937531312266679,0.3447286117674607,30,60
56,HCER(d18:0/24:0)+H,0.7157184756881229,0.43154526467181087,30,60
57,HCER(d18:0/24:1)+H,0.7628658104869545,0.3970233131975387,30,60
58,LCER(14:0)+H,0.8355263285335603,0.5988195056275902,30,60
59,LCER(16:0)+H,0.8791543973406912,0.6977003009000649,30,60
60,LCER(18:0)+H,0.834426236377876,0.6788469855461536,30,60
61,LCER(26:1)+H,0.7702206976443037,0.7227768417253387,30,60
62,LCER(d18:0/20:0)+H,0.5084262584937255,0.07949906980516118,30,60
63,TAG(44:1/FA16:1)+NH4,1.5833015910009438,0.2308098587477101,30,60
64,TAG(44:2/FA16:1)+NH4,0.9465543801476887,0.8642616667950389,30,60
65,TAG(44:3/FA18:2)+NH4,0.30450170340706667,0.026797433387339538,30,60
66,TAG(45:1/FA16:0)+NH4,0.9189739045508245,0.8283265948130542,30,60
67,TAG(46:0/FA18:0)+NH4,0.8856172996241332,0.7564755279742279,30,60
68,TAG(46:1/FA18:1)+NH4,0.8368328625379726,0.8244201222214855,30,60
69,TAG(46:2/FA16:1)+NH4,0.5650502726868252,0.31086884354923033,30,60
70,TAG(46:2/FA18:1)+NH4,0.6624594782750145,0.4002574991463276,30,60
71,TAG(46:2/FA18:2)+NH4,0.5862395536685457,0.20115706383399712,30,60
72,TAG(46:3/FA16:1)+NH4,0.7458125687618894,0.4353736823452745,30,60
73,TAG(46:3/FA18:1)+NH4,0.5475229153175446,0.26700953944518024,30,60
74,TAG(46:3/FA18:2)+NH4,0.8043212118284535,0.6178605398828132,30,60
75,TAG(46:3/FA18:3)+NH4,0.6368830476465366,0.3021977909134779,30,60
76,TAG(46:4/FA18:2)+NH4,0.9092426513399777,0.7419254560989351,30,60
77,TAG(47:0/FA17:0)+NH4,1.2235564806092087,0.576350634838724,30,60
78,TAG(47:1/FA17:0)+NH4,0.5054076602542811,0.06248217574436622,30,60
79,TAG(48:1/FA14:0)+NH4,0.5291918580478038,0.2385860679243354,30,60
80,TAG(48:1/FA16:0)+NH4,1.0841716484423483,0.7482165246577919,30,60
81,TAG(48:1/FA16:1)+NH4,0.521938211404327,0.38831130359210064,30,60
82,TAG(48:2/FA14:0)+NH4,1.317450198288353,0.5385479043518137,30,60
83,TAG(48:2/FA16:1)+NH4,0.6703715009531452,0.44847675971030954,30,60
84,TAG(48:3/FA14:0)+NH4,0.435791927782061,0.26592508903199547,30,60
85,TAG(48:3/FA16:1)+NH4,0.44593225819056903,0.09757409488496624,30,60
86,TAG(48:3/FA18:1)+NH4,0.4557704667176597,0.2765305406918241,30,60
87,TAG(48:3/FA18:2)+NH4,0.38433263508005916,0.2630260760423762,30,60
88,TAG(48:4/FA18:2)+NH4,0.684067961949079,0.45511001865359735,30,60
89,TAG(48:4/FA18:3)+NH4,0.24112624869125004,0.060426760489448894,30,60
90,TAG(48:5/FA18:3)+NH4,0.3055202861528975,0.043230292336216135,30,60
91,TAG(49:1/FA17:0)+NH4,1.0179001308895226,0.9742827567989093,30,60
92,TAG(49:2/FA16:1)+NH4,1.83965422362942,0.45227962712497105,30,60
93,TAG(49:2/FA18:2)+NH4,0.9713630632192827,0.9612663155302119,30,60
94,TAG(49:3/FA16:1)+NH4,0.6720338888698247,0.4213169260150309,30,60
95,TAG(50:0/FA16:0)+NH4,1.1278698890619636,0.7421753613807612,30,60
96,TAG(50:1/FA16:0)+NH4,0.6832227190872548,0.35418960760717455,30,60
97,TAG(50:1/FA18:1)+NH4,0.5673159120549774,0.05765153696434537,30,60
98,TAG(50:2/FA14:0)+NH4,1.0591318020184777,0.9027384914979153,30,60
99,TAG(50:2/FA16:0)+NH4,0.9296377621417714,0.8401268604043697,30,60
100,TAG(50:2/FA16:1)+NH4,0.6982634288095975,0.49069421326183515,30,60
101,TAG(50:2/FA18:1)+NH4,0.5410114599420401,0.2226376828199983,30,60
102,TAG(50:2/FA18:2)+NH4,0.8905733300648833,0.8285599251411695,30,60
103,TAG(50:3/FA16:1)+NH4,0.5112103114488917,0.3223798930647511,30,60
104,TAG(50:3/FA18:1)+NH4,0.761225276244433,0.6953678316767044,30,60
105,TAG(50:3/FA18:2)+NH4,0.848281535102021,0.6877192577433424,30,60
106,TAG(50:3/FA18:3)+NH4,0.5991458825491969,0.356403605652033,30,60
107,TAG(50:4/FA16:1)+NH4,0.4270149873495762,0.3748740853951883,30,60
108,TAG(50:4/FA18:2)+NH4,0.6019144902014478,0.4472589900698315,30,60
109,TAG(50:5/FA14:0)+NH4,1.4600987505936183,0.8119068909606648,30,60
110,TAG(50:5/FA18:3)+NH4,0.5350453473628334,0.19667191202960413,30,60
111,TAG(51:0/FA17:0)+NH4,0.7817800060649538,0.5204001667769749,30,60
112,TAG(51:2/FA16:1)+NH4,1.0216967816313445,0.9615712342315721,30,60
113,TAG(51:3/FA18:2)+NH4,0.42012880218640125,0.15089158184213194,30,60
114,TAG(51:4/FA18:2)+NH4,0.7456469970455104,0.7343890029587395,30,60
115,TAG(51:4/FA18:3)+NH4,0.8527500591959308,0.7329499096275595,30,60
116,TAG(52:0/FA20:0)+NH4,1.045726663424231,0.8702614510253608,30,60
117,TAG(52:1/FA16:0)+NH4,1.2798625731015283,0.7534981486903398,30,60
118,TAG(52:1/FA18:1)+NH4,0.28058620303918946,0.10078783238997774,30,60
119,TAG(52:1/FA20:0)+NH4,0.84955848791648,0.6892092963130381,30,60
120,TAG(52:2/FA16:0)+NH4,1.1249528994320466,0.7898259946633694,30,60
121,TAG(52:2/FA18:1)+NH4,0.6525172092714638,0.17531158945373335,30,60
122,TAG(52:2/FA18:2)+NH4,0.9500399730287031,0.8906525485918729,30,60
123,TAG(52:3/FA16:0)+NH4,0.8018606173172425,0.6702330272031323,30,60
124,TAG(52:3/FA16:1)+NH4,0.7902271603800891,0.7527158990080915,30,60
125,TAG(52:3/FA18:1)+NH4,0.8794717306757173,0.8021206058744152,30,60
126,TAG(52:3/FA18:2)+NH4,0.7415570915684017,0.5967205173553314,30,60
127,TAG(52:4/FA14:0)+NH4,1.0409753203953414,0.9374680944887892,30,60
128,TAG(52:4/FA16:0)+NH4,0.9473182862158525,0.8932122058887572,30,60
129,TAG(52:4/FA16:1)+NH4,0.4158261968036917,0.25131403787425266,30,60
130,TAG(52:4/FA18:1)+NH4,0.3128850927559762,0.15780589335751327,30,60
131,TAG(52:4/FA18:2)+NH4,0.6184001519217703,0.4416244247940275,30,60
132,TAG(52:4/FA18:3)+NH4,0.6098567950802213,0.5103714477273487,30,60
133,TAG(52:4/FA20:3)+NH4,0.7503391892483171,0.6369681532124823,30,60
134,TAG(52:4/FA20:4)+NH4,0.8732893268553101,0.5745210659318829,30,60
135,TAG(52:5/FA14:0)+NH4,1.3754791553285792,0.5045155733386835,30,60
136,TAG(52:5/FA16:0)+NH4,0.7691422522404842,0.6334426580659531,30,60
137,TAG(52:5/FA16:1)+NH4,0.35114700798771636,0.297004193861176,30,60
138,TAG(52:5/FA18:2)+NH4,0.3767441911808138,0.231777908543458,30,60
139,TAG(52:5/FA18:3)+NH4,0.8471983374156511,0.8036290844729969,30,60
140,TAG(52:5/FA20:4)+NH4,0.7725517277104682,0.4151946503926235,30,60
141,TAG(52:6/FA14:0)+NH4,1.7798211328032933,0.17959852926530445,30,60
142,TAG(52:6/FA16:0)+NH4,1.1334492533854101,0.7560569201080805,30,60
143,TAG(52:6/FA18:2)+NH4,0.43569135729211916,0.2281096132501754,30,60
144,TAG(52:6/FA18:3)+NH4,0.5241736382492752,0.45096174163150937,30,60
145,TAG(52:6/FA20:4)+NH4,0.3374088602341958,0.24736832575388357,30,60
146,TAG(52:6/FA22:6)+NH4,0.6589029353415018,0.2654117628456938,30,60
147,TAG(52:7/FA22:6)+NH4,1.0061674300496148,0.9906536482838962,30,60
148,TAG(53:0/FA16:0)+NH4,0.5864537401365624,0.18154051728803317,30,60
149,TAG(53:1/FA16:0)+NH4,0.5203184515626829,0.34351729834863454,30,60
150,TAG(53:2/FA16:0)+NH4,0.39753214593206826,0.17197760678599278,30,60
151,TAG(53:2/FA17:0)+NH4,0.04572783955582224,,30,60
152,TAG(53:4/FA18:2)+NH4,0.32308362159172005,0.34068794942339475,30,60
153,TAG(54:1/FA20:0)+NH4,0.663113646083585,0.2937630932895354,30,60
154,TAG(54:2/FA18:0)+NH4,0.6169453825655421,0.46528594513442956,30,60
155,TAG(54:2/FA18:1)+NH4,0.46339621579870227,0.14378468357068624,30,60
156,TAG(54:2/FA20:0)+NH4,0.5918270669478467,0.15047717413539863,30,60
157,TAG(54:2/FA20:1)+NH4,1.398798674244929,0.6930465432050765,30,60
158,TAG(54:3/FA18:0)+NH4,1.3448464956666168,0.604333014700274,30,60
159,TAG(54:4/FA18:0)+NH4,0.5251330776619946,0.5227651994403493,30,60
160,TAG(54:4/FA18:1)+NH4,0.5379187590143991,0.34445102405583616,30,60
161,TAG(54:4/FA18:2)+NH4,0.6298960334612194,0.4378621448711689,30,60
162,TAG(54:4/FA20:3)+NH4,1.9507622566832816,0.10231532858613421,30,60
163,TAG(54:4/FA20:4)+NH4,0.7944290373217584,0.5250858679426638,30,60
164,TAG(54:5/FA16:0)+NH4,0.45301056020361463,0.1322635698610442,30,60
165,TAG(54:5/FA18:1)+NH4,0.6752563689296671,0.4913424274996565,30,60
166,TAG(54:5/FA18:2)+NH4,0.5523010102029638,0.30783489493162175,30,60
167,TAG(54:5/FA20:4)+NH4,0.4712445406953516,0.07646023185877202,30,60
168,TAG(54:5/FA22:5)+NH4,0.7834318561203554,0.4927013437163351,30,60
169,TAG(54:6/FA16:0)+NH4,0.6343343732763965,0.09036680277814675,30,60
170,TAG(54:6/FA16:1)+NH4,0.9917310286031894,0.9836966800335408,30,60
171,TAG(54:6/FA18:1)+NH4,0.7843589153181989,0.5910217880835951,30,60
172,TAG(54:6/FA18:2)+NH4,0.7632521026162478,0.5707441337851735,30,60
173,TAG(54:6/FA18:3)+NH4,0.45650961325254036,0.32425808926614397,30,60
174,TAG(54:6/FA20:4)+NH4,0.7248057724790165,0.3029413306823347,30,60
175,TAG(54:6/FA22:5)+NH4,0.7441172511592596,0.36226244981671607,30,60
176,TAG(54:6/FA22:6)+NH4,0.6873057947251192,0.21550427310064987,30,60
177,TAG(54:7/FA16:1)+NH4,0.9241422585828294,0.8470810975006289,30,60
178,TAG(54:7/FA18:2)+NH4,0.5631453469172069,0.29952799093749743,30,60
179,TAG(54:7/FA20:4)+NH4,0.38937125798636063,0.1250252359569026,30,60
180,TAG(54:7/FA22:6)+NH4,0.6544303970258853,0.08388654081175084,30,60
181,TAG(54:8/FA18:2)+NH4,0.3176697925815494,0.30576713704687597,30,60
182,TAG(54:8/FA22:6)+NH4,0.8323559459077462,0.5852019966903794,30,60
183,TAG(55:1/FA16:0)+NH4,0.5346922329403458,0.3285574595585914,30,60
184,TAG(55:1/FA18:1)+NH4,0.6021742606148017,0.1551024067689186,30,60
185,TAG(56:5/FA16:0)+NH4,0.9102202971197546,0.7863860262047949,30,60
186,TAG(56:5/FA18:1)+NH4,0.34744621999560593,0.03259726150199842,30,60
187,TAG(56:5/FA20:4)+NH4,0.771590485152042,0.45529009429171996,30,60
188,TAG(56:6/FA18:0)+NH4,0.6587840839366758,0.22335760833881488,30,60
189,TAG(56:6/FA18:1)+NH4,1.2051172450914018,0.5552743059959322,30,60
190,TAG(56:6/FA20:4)+NH4,0.6466697804594689,0.13399507634592225,30,60
191,TAG(56:6/FA22:5)+NH4,0.5994894745817422,0.2834049601450989,30,60
192,TAG(56:6/FA22:6)+NH4,0.5734953371929881,0.09637664219642349,30,60
193,TAG(56:7/FA16:0)+NH4,0.6669345440247991,0.1714366569220038,30,60
194,TAG(56:7/FA16:1)+NH4,0.7335687583498052,0.4661945724223612,30,60
195,TAG(56:7/FA18:1)+NH4,0.6241758479004719,0.11165227451012028,30,60
196,TAG(56:7/FA18:3)+NH4,0.8540669280012447,0.8247646438054002,30,60
197,TAG(56:7/FA20:3)+NH4,1.0503029658207903,0.9060209319428416,30,60
198,TAG(56:7/FA20:4)+NH4,0.7694524423689129,0.5010818397611201,30,60
199,TAG(56:7/FA22:5)+NH4,0.501620710645587,0.267329210426314,30,60
200,TAG(56:7/FA22:6)+NH4,0.6548349654948857,0.14595420174888576,30,60
201,TAG(56:8/FA16:0)+NH4,0.9441339847400918,0.9018456821422582,30,60
202,TAG(56:8/FA16:1)+NH4,0.6843035691552353,0.3841212458275245,30,60
203,TAG(56:8/FA18:1)+NH4,0.89310909888787,0.8361504717258165,30,60
204,TAG(56:8/FA18:2)+NH4,0.32743535481989033,0.11865759971619601,30,60
205,TAG(56:8/FA20:4)+NH4,0.530303198875917,0.19484973393686708,30,60
206,TAG(56:8/FA22:6)+NH4,0.5970217849769439,0.10247549094776726,30,60
207,TAG(56:9/FA18:3)+NH4,1.2995640833791509,0.59661683506589,30,60
208,TAG(56:9/FA20:4)+NH4,0.4973498990607452,0.16342595014222938,30,60
209,TAG(56:9/FA22:6)+NH4,0.7864172591662562,0.5020819983108422,30,60
210,TAG(57:10/FA22:6)+NH4,0.6254482284462842,0.4662475989571817,30,60
211,TAG(57:2/FA18:1)+NH4,0.623369881097595,0.423737251690543,30,60
212,TAG(58:10/FA20:4)+NH4,0.9539641552917989,0.8599982978795684,30,60
213,TAG(58:10/FA22:6)+NH4,0.601886157457155,0.11948168284543761,30,60
214,TAG(58:6/FA22:4)+NH4,1.7884394249328668,0.37936625852704764,30,60
215,TAG(58:6/FA22:5)+NH4,1.0875184351806408,0.8965531173289483,30,60
216,TAG(58:7/FA20:4)+NH4,1.0125417826933998,0.9732691869220086,30,60
217,TAG(58:7/FA22:6)+NH4,0.5294092046312326,0.029124455338799468,30,60
218,TAG(58:8/FA18:1)+NH4,0.9754937356306718,0.9453503462929765,30,60
219,TAG(58:8/FA20:4)+NH4,0.6183982735505154,0.25160106459133663,30,60
220,TAG(58:8/FA22:5)+NH4,0.8489212899953702,0.7283906334853141,30,60
221,TAG(58:8/FA22:6)+NH4,0.5696070251973974,0.11053792345036073,30,60
222,TAG(58:9/FA20:4)+NH4,0.7257830981496667,0.3923849757871031,30,60
223,TAG(58:9/FA22:6)+NH4,0.6684350033479018,0.18572663284900875,30,60
224,TAG(60:10/FA22:5)+NH4,0.6880287135589466,0.4106330757361567,30,60
225,TAG(60:10/FA22:6)+NH4,0.46916413513525407,0.033825135780792194,30,60
226,TAG(60:11/FA22:5)+NH4,1.0016756079876796,0.9953440014305794,30,60
227,TAG(60:11/FA22:6)+NH4,0.6158361568372706,0.06812294821176935,30,60
228,TAG(60:12/FA22:6)+NH4,0.6872531431444815,0.30452562096602226,30,60
229,DAG(14:0/18:1)+NH4,0.9403022749376844,0.8911486699309671,30,60
230,DAG(14:0/18:2)+NH4,1.0468961770083964,0.8889332072903853,30,60
231,DAG(16:0/18:0)+NH4,0.28845966247591664,0.03789471545489095,30,60
232,DAG(16:0/18:1)+NH4,0.7030572686474152,0.38279266189539185,30,60
233,DAG(16:1/18:1)+NH4,0.8234472669906627,0.47157968405488615,30,60
234,DAG(16:0/18:2)+NH4,1.3322012508566807,0.4152058678713375,30,60
235,DAG(16:1/18:2)+NH4,0.8169607235953691,0.5283832244687652,30,60
236,DAG(14:0/20:4)+NH4,0.5577277312759048,0.12960062411993944,30,60
237,DAG(16:1/20:0)+NH4,0.7077828550572254,0.44496511115501214,30,60
238,DAG(18:0/18:1)+NH4,0.5944642977385479,0.17078774730845672,30,60
239,DAG(18:1/18:1)+NH4,0.7054957548286384,0.26565106073219796,30,60
240,DAG(16:0/20:3)+NH4,1.0478956352428401,0.8814872232011575,30,60
241,DAG(16:0/20:4)+NH4,0.69842581139008,0.40960822107451345,30,60
242,DAG(16:1/20:4)+NH4,0.6091957254398065,0.17611358542462335,30,60
243,DAG(16:0/20:5)+NH4,1.262468686049333,0.5052759125586387,30,60
244,DAG(18:1/20:1)+NH4,0.8400827890430445,0.613471629171466,30,60
245,DAG(18:1/20:3)+NH4,0.6639841813650614,0.1990685367451609,30,60
246,DAG(18:1/20:4)+NH4,0.5614530595745206,0.15735663680393644,30,60
247,DAG(16:0/22:5)+NH4,0.7122542559882591,0.28845341638317296,30,60
248,DAG(18:2/20:4)+NH4,0.6884928562400981,0.3121273374952856,30,60
249,DAG(18:1/20:5)+NH4,0.5191414939077128,0.12269579269179857,30,60
250,DAG(16:0/22:6)+NH4,0.6570930295384121,0.21374223115026797,30,60
251,DAG(16:1/22:6)+NH4,0.714610190260168,0.25170318251928603,30,60
252,DAG(18:1/22:4)+NH4,0.6733355496348922,0.3466605752085352,30,60
253,DAG(18:1/22:5)+NH4,0.46767016581965626,0.12033628398649772,30,60
254,DAG(18:0/22:6)+NH4,0.5486195518793278,0.10554943461465503,30,60
255,DAG(18:1/22:6)+NH4,0.6387999820664403,0.19676167505260422,30,60
256,DAG(18:2/22:6)+NH4,0.7324530691949075,0.44148779364256796,30,60
257,MAG(16:0)+NH4,0.8451357231332838,0.765639383607114,30,60
258,MAG(16:1)+NH4,0.8801384370886242,0.7522868361936496,30,60
259,MAG(18:0)+NH4,0.6796838480564742,0.3169510610487454,30,60
260,MAG(18:1)+NH4,0.5325174078824264,0.07049617159577373,30,60
261,MAG(18:2)+NH4,0.9137020874658207,0.7821006459192881,30,60
262,MAG(20:0)+NH4,1.3141965354533178,0.525080172294524,30,60
263,MAG(20:1)+NH4,0.935916442736805,0.884147655946985,30,60
264,MAG(20:2)+NH4,0.894153092208091,0.7510073781346304,30,60
265,MAG(20:3)+NH4,0.8540226212594075,0.6919280811823899,30,60
266,MAG(20:4)+NH4,0.6701249172053273,0.25593754993574547,30,60
267,MAG(22:0)+NH4,0.9448440628101008,0.9022523362994088,30,60
268,MAG(22:1)+NH4,1.1570888478882935,0.7302986840686239,30,60
269,MAG(22:2)+NH4,1.155955745724364,0.70721927584507,30,60
270,MAG(22:3)+NH4,0.9002830317186911,0.8386866819178246,30,60
271,MAG(22:4)+NH4,0.8056752144064995,0.5556053923484718,30,60
272,MAG(22:5)+NH4,1.2362409356942383,0.666014027013325,30,60
273,MAG(22:6)+NH4,0.8576932238471622,0.6741533461544178,30,60
274,LPC(14:0)+AcO,0.7647278760233346,0.5455150203516818,30,60
275,LPC(16:0)+AcO,1.0922567923521884,0.28244902530701166,30,60
276,LPC(16:1)+AcO,1.3583189389543466,0.17135095670711295,30,60
277,LPC(18:0)+AcO,1.356669183971937,0.4487319203601303,30,60
278,LPC(18:1)+AcO,0.8183919625210162,0.0016252105858072887,30,60
279,LPC(18:2)+AcO,0.8233163869731722,0.05693381992271771,30,60
280,LPC(18:3)+AcO,1.1283204043965196,0.5112691876446174,30,60
281,LPC(20:0)+AcO,1.3130728585142128,0.0033500530603001386,30,60
282,LPC(20:1)+AcO,0.9262797489816165,0.3981081776040811,30,60
283,LPC(20:2)+AcO,1.1387484085571857,0.2039664112397599,30,60
284,LPC(20:3)+AcO,1.059691683130834,0.5493459649196244,30,60
285,LPC(20:4)+AcO,1.092419752375911,0.5118820330061924,30,60
286,LPC(20:5)+AcO,0.9635897811476226,0.8156649775375842,30,60
287,LPC(22:4)+AcO,0.9261779379183382,0.6398584996926011,30,60
288,LPC(22:5)+AcO,1.0430078540486274,0.6975546521761302,30,60
289,LPC(22:6)+AcO,0.9739150640871389,0.8011423897673062,30,60
290,PC(14:0/14:0)+AcO,2.6685854620602854,0.0007189071363121485,30,60
291,PC(14:0/18:1)+AcO,0.14220655568901364,9.14874283933368e-09,30,60
292,PC(14:0/20:4)+AcO,0.1382553442731733,8.335978668687377e-08,30,60
293,PC(16:0/14:0)+AcO,1.4870627175016535,0.004345214162217235,30,60
294,PC(16:0/16:0)+AcO,1.0928298911650123,0.5219062956824283,30,60
295,PC(16:0/16:1)+AcO,0.9587120773269143,0.6677826082317007,30,60
296,PC(16:0/18:0)+AcO,1.1355107037497028,0.30915093569836033,30,60
297,PC(16:0/18:1)+AcO,1.0229012785485574,0.8167355639501863,30,60
298,PC(16:0/18:2)+AcO,1.0792357629762308,0.4361197293263812,30,60
299,PC(16:0/18:3)+AcO,1.0587575657049184,0.6308908876931152,30,60
300,PC(16:0/20:1)+AcO,1.04463596230782,0.7153030054822618,30,60
301,PC(16:0/20:2)+AcO,1.233266766397994,0.08622650623046994,30,60
302,PC(16:0/20:3)+AcO,1.0739184444304715,0.47728398599989175,30,60
303,PC(16:0/20:4)+AcO,0.9767388106170827,0.8299795024265714,30,60
304,PC(16:0/22:4)+AcO,0.8707309032646776,0.18859627594355416,30,60
305,PC(16:0/22:5)+AcO,1.0230252338771615,0.8543872514710841,30,60
306,PC(16:1/18:1)+AcO,0.21109580449410537,2.182805891003818e-08,30,60
307,PC(16:1/18:2)+AcO,1.3685603133283004,0.11041001773976918,30,60
308,PC(16:0/22:6)+AcO,0.9170841107825105,0.4803677300811249,30,60
309,PC(18:0/14:0)+AcO,1.7386999243673773,0.0006277216555015157,30,60
310,PC(18:0/16:1)+AcO,1.1199598575650058,0.22095517196207876,30,60
311,PC(18:0/18:0)+AcO,0.5877846276402993,0.0038986802720713453,30,60
312,PC(18:0/18:1)+AcO,1.0800743919238571,0.5770266455857193,30,60
313,PC(18:0/18:2)+AcO,1.177043926091982,0.13419033615195225,30,60
314,PC(18:0/20:1)+AcO,2.2693955762514415,0.00447482567035386,30,60
315,PC(18:0/20:3)+AcO,0.984542154703529,0.8857905044323598,30,60
316,PC(18:0/20:4)+AcO,0.9832485458931141,0.8908564729024773,30,60
317,PC(18:1/16:1)+AcO,0.2345784259559577,9.271839707974705e-09,30,60
318,PC(18:1/18:1)+AcO,0.9909103744463165,0.9300001092805676,30,60
319,PC(18:1/18:2)+AcO,1.0296574636420144,0.7796769679745646,30,60
320,PC(18:1/20:1)+AcO,1.0999266823426308,0.47729819828472686,30,60
321,PC(18:1/20:2)+AcO,1.1066831453460757,0.5070971010462906,30,60
322,PC(18:1/20:3)+AcO,1.0282591265317593,0.7860551353327103,30,60
323,PC(18:1/20:4)+AcO,0.9252579897966523,0.5436719700597606,30,60
324,PC(18:2/16:1)+AcO,0.3655507434068426,6.561323260691114e-06,30,60
325,PC(18:2/18:2)+AcO,1.1270497175796992,0.31292370209103726,30,60
326,PC(18:2/20:4)+AcO,0.9153028000441153,0.4825404024229518,30,60
327,LPE(14:0)-H,2.172209299545855,0.03517640820030445,30,60
328,LPE(16:0)-H,1.2503131845792066,0.013721199018057934,30,60
329,LPE(16:1)-H,2.2804795174162313,0.18888092777744594,30,60
330,LPE(18:0)-H,1.2697819607633491,0.00863131264857067,30,60
331,LPE(18:1)-H,1.264142864836354,0.15725165600719948,30,60
332,LPE(18:2)-H,1.5487922595922992,0.1699727498618696,30,60
333,LPE(18:3)-H,1.2308332189604854,0.041390415056654986,30,60
334,LPE(20:0)-H,2.0030093808279688,0.040941366964099384,30,60
335,LPE(20:1)-H,1.178082377189907,0.6458695104001775,30,60
336,LPE(20:2)-H,1.7504147302725963,0.1354875230301918,30,60
337,LPE(20:3)-H,1.7332493237736013,0.12292262055542762,30,60
338,LPE(20:4)-H,1.419428274424278,0.18184363333311174,30,60
339,LPE(20:5)-H,1.373037377713616,0.1904793473846352,30,60
340,LPE(22:4)-H,1.3120104731047073,0.3816595415552759,30,60
341,LPE(22:5)-H,1.7985795399373143,0.08703477901386063,30,60
342,LPE(22:6)-H,1.3612880257397824,0.3564597299433754,30,60
343,PE(14:0/14:0)-H,0.5953149253526377,0.32143469247916295,30,60
344,PE(14:0/18:1)-H,1.064766417508257,0.6271429487194671,30,60
345,PE(14:0/18:2)-H,0.585563210712427,0.015597940829514441,30,60
346,PE(14:0/20:4)-H,0.9193069179033757,0.5477061521573265,30,60
347,PE(14:0/22:4)-H,0.6723501969425384,0.06702003204500853,30,60
348,PE(14:0/22:5)-H,0.7218776545989662,0.28977224043608746,30,60
349,PE(14:0/22:6)-H,1.1040790142619892,0.4847484102036932,30,60
350,PE(16:0/16:0)-H,0.9807548131538637,0.8962635128594847,30,60
351,PE(16:0/16:1)-H,0.8784297198510257,0.257960987499985,30,60
352,PE(16:0/18:1)-H,1.0132894146356366,0.8616539119363331,30,60
353,PE(16:0/18:2)-H,0.9427895460988284,0.4177980044387154,30,60
354,PE(16:0/18:3)-H,1.3804210920568882,0.040569760911807355,30,60
355,PE(16:0/20:1)-H,0.9545135780154795,0.674124191416227,30,60
356,PE(16:0/20:2)-H,1.180838953635552,0.07644939278994817,30,60
357,PE(16:0/20:3)-H,0.9580997941910121,0.6084833001307661,30,60
358,PE(16:0/20:4)-H,0.7604136542602989,0.0035747010143315173,30,60
359,PE(16:0/20:5)-H,0.8701742954122451,0.3758089618504874,30,60
360,PE(16:0/22:4)-H,0.73598623958885,0.0007990208630116,30,60
361,PE(16:0/22:5)-H,0.9594096103922239,0.6932693594915944,30,60
362,PE(16:0/22:6)-H,0.8649112859974474,0.1955774476711383,30,60
363,PE(18:0/16:1)-H,0.8642717188254663,0.3953160839515567,30,60
364,PE(18:0/18:0)-H,0.775006106772696,0.02580595502539663,30,60
365,PE(18:0/18:1)-H,0.7668440541842714,0.004239175737587548,30,60
366,PE(18:0/18:2)-H,0.9536753079811918,0.6969367740824397,30,60
367,PE(18:0/18:3)-H,0.8232475689264418,0.16517849967391746,30,60
368,PE(18:0/20:1)-H,0.6948274590172191,0.010902949920831814,30,60
369,PE(18:0/20:2)-H,1.122690558539485,0.2670935410082966,30,60
370,PE(18:0/20:3)-H,1.109139970853853,0.5220995627531411,30,60
371,PE(18:0/20:4)-H,0.8404037014923953,0.06342113530474966,30,60
372,PE(18:0/20:5)-H,0.592965283105132,0.0005931620386414581,30,60
373,PE(18:0/22:4)-H,0.9980174571029976,0.989385409462745,30,60
374,PE(18:0/22:5)-H,1.0233929223760645,0.8400914264365937,30,60
375,PE(18:0/22:6)-H,0.9961966242355318,0.9735650286513677,30,60
376,PE(18:1/16:1)-H,1.0654017279605505,0.44185513770595897,30,60
377,PE(18:1/18:1)-H,0.8913599695983205,0.1495114716257569,30,60
378,PE(18:1/18:2)-H,0.9300597731433777,0.44354750212880656,30,60
379,PE(18:1/18:3)-H,0.9721605494601608,0.8219968497499418,30,60
380,PE(18:1/20:1)-H,1.031552223028981,0.7495871614350176,30,60
381,PE(18:1/20:2)-H,1.066146140658197,0.44621059700803023,30,60
382,PE(18:1/20:3)-H,0.9529804343989123,0.6597122959324004,30,60
383,PE(18:1/20:4)-H,0.7208363466055923,0.004721269319060248,30,60
384,PE(18:1/20:5)-H,0.7919260749264861,0.12648950598817263,30,60
385,PE(18:1/22:4)-H,0.77169545191469,0.018078931224787178,30,60
386,PE(18:1/22:5)-H,1.005200517751052,0.9619537592273997,30,60
387,PE(18:1/22:6)-H,0.8517068429042337,0.15107610919540376,30,60
388,PE(18:2/16:1)-H,0.9485129436092363,0.6551191128935501,30,60
389,PE(18:2/18:2)-H,0.9315447286710774,0.5436846616687867,30,60
390,PE(18:2/20:1)-H,1.0549746633336716,0.6880273535246813,30,60
391,PE(18:2/20:3)-H,1.135853969980976,0.4033132842171432,30,60
392,PE(18:2/20:4)-H,0.7915815672540545,0.045984473404675236,30,60
393,PE(18:2/20:5)-H,1.1029416300323003,0.6083989711479169,30,60
394,PE(18:2/22:6)-H,0.7995955616465023,0.1565880802287516,30,60
395,PE(O-16:0/16:0)-H,0.8176388044725094,0.4312887779396808,30,60
396,PE(O-16:0/16:1)-H,0.9753956153227465,0.8957102690553751,30,60
397,PE(O-16:0/18:0)-H,0.6872222346991461,0.35046612892641693,30,60
398,PE(O-16:0/18:1)-H,0.8568416681453402,0.1293091509172079,30,60
399,PE(O-16:0/18:2)-H,0.8183929119228871,0.30727284630533236,30,60
400,PE(O-16:0/20:1)-H,0.6953626905952601,0.08098306527204549,30,60
401,PE(O-16:0/20:3)-H,0.8478655703130775,0.39448930637673474,30,60
402,PE(O-16:0/20:4)-H,0.8023802113435692,0.04061518656289716,30,60
403,PE(O-16:0/20:5)-H,0.8609018864807884,0.22983111817372334,30,60
404,PE(O-16:0/22:4)-H,0.5817406214288965,0.005469378541252903,30,60
405,PE(O-16:0/22:6)-H,0.7211803457665058,0.009480437112636523,30,60
406,PE(O-18:0/16:0)-H,0.724453486152072,0.02550126955859587,30,60
407,PE(O-18:0/16:1)-H,1.0340016022838505,0.8177079227409119,30,60
408,PE(O-18:0/20:4)-H,0.8822337589409346,0.40249109238560576,30,60
409,PE(O-18:0/20:5)-H,0.6712329908992584,0.005973243941196439,30,60
410,PE(O-18:0/22:4)-H,0.7536749153412045,0.06550256075281437,30,60
411,PE(P-14:0/18:0)-H,0.6695147247509619,0.15225277868599157,30,60
412,PE(P-16:0/16:1)-H,0.6711030689473814,0.006686261720403671,30,60
413,PE(P-16:0/18:0)-H,0.6419325185941532,0.06420008874878586,30,60
414,PE(P-16:0/18:1)-H,0.5531898404351808,0.001589997025598855,30,60
415,PE(P-16:0/18:2)-H,0.8049001452153202,0.11318834893494795,30,60
416,PE(P-16:0/18:3)-H,0.6749544324253117,0.07475210869672623,30,60
417,PE(P-16:0/20:1)-H,0.4223021617531177,0.006157999727839286,30,60
418,PE(P-16:0/20:2)-H,0.9261350889776739,0.5269576508471008,30,60
419,PE(P-16:0/20:3)-H,0.9995910503996869,0.9969969235438984,30,60
420,PE(P-16:0/20:4)-H,0.7999902875346997,0.043682237841126216,30,60
421,PE(P-16:0/20:5)-H,1.1523232562206391,0.4273863054068936,30,60
422,PE(P-16:0/22:4)-H,0.7773610051041279,0.01596922945614894,30,60
423,PE(P-16:0/22:5)-H,0.9313285529020578,0.4780286274529314,30,60
424,PE(P-16:0/22:6)-H,0.8125204540413694,0.056959432265614625,30,60
425,PE(P-16:1/18:1)-H,1.4123373921956763,0.014543009479705554,30,60
426,PE(P-18:0/16:0)-H,0.957577262192256,0.758396809766183,30,60
427,PE(P-18:0/16:1)-H,0.7235837353807912,0.015186366918915043,30,60
428,PE(P-18:0/18:1)-H,0.6144848293651994,0.0005286990757321057,30,60
429,PE(P-18:0/18:2)-H,0.9051924273310602,0.4653365279269245,30,60
430,PE(P-18:0/20:1)-H,0.4164141564711459,0.004954632382341909,30,60
431,PE(P-18:0/20:2)-H,0.6716168404843454,0.023339439751363978,30,60
432,PE(P-18:0/20:3)-H,0.7885407697016621,0.04941889938772155,30,60
433,PE(P-18:0/20:4)-H,0.6111455310955382,4.1470324839985885e-05,30,60
434,PE(P-18:0/20:5)-H,0.5860825247942805,0.0001255760336722758,30,60
435,PE(P-18:0/22:4)-H,0.5511131638297008,5.8209062741223124e-05,30,60
436,PE(P-18:0/22:5)-H,0.6987797561911114,0.0026324024874376144,30,60
437,PE(P-18:0/22:6)-H,0.6456388540606692,0.0006481060464898911,30,60
438,PE(P-18:1/16:0)-H,0.9725297353972474,0.7847523849304858,30,60
439,PE(P-18:1/16:1)-H,0.704158314855218,0.002069924274179417,30,60
440,PE(P-18:1/18:0)-H,0.6361435465855956,0.0011570134317935245,30,60
441,PE(P-18:1/18:1)-H,0.5566948871491593,8.60980210964993e-06,30,60
442,PE(P-18:1/18:2)-H,0.7071909487231791,0.001820700386012354,30,60
443,PE(P-18:1/20:1)-H,0.4654584067086466,3.500657593090938e-05,30,60
444,PE(P-18:1/20:2)-H,0.6779773844967036,0.0008329113020410753,30,60
445,PE(P-18:1/20:3)-H,0.6849131534886242,0.0012891377526054273,30,60
446,PE(P-18:1/20:4)-H,0.5491969217952183,6.979966293922226e-06,30,60
447,PE(P-18:1/20:5)-H,0.7905508539281375,0.1634738422302955,30,60
448,PE(P-18:1/22:4)-H,0.4741171150920617,6.81411437080737e-07,30,60
449,PE(P-18:1/22:5)-H,0.6990627308397077,0.004857493012231702,30,60
450,PE(P-18:1/22:6)-H,0.6379295890108544,0.0008752060432949415,30,60
451,PE(P-18:2/18:2)-H,0.7749924973307689,0.1756869713565494,30,60
452,PE(P-18:2/20:4)-H,0.800766673879806,0.06161470560114905,30,60
453,PE(P-18:2/22:6)-H,0.9990099329724647,0.9943159240018726,30,60
454,LPG(16:0)-H,0.9400778435872792,0.5684008602181314,30,60
455,LPG(18:0)-H,1.0475864818198939,0.7598296965643762,30,60
456,PG(14:0/14:0)-H,1.1383219606382624,0.34440188693963336,30,60
457,PG(14:1/14:1)-H,1.2108132257822137,0.33277030849136713,30,60
458,PG(14:0/18:1)-H,1.4209710139787857,0.0008177233171105741,30,60
459,PG(14:0/18:2)-H,1.442161523979026,0.002118132975925021,30,60
460,PG(14:0/18:3)-H,0.8011920175942842,0.5062762559542038,30,60
461,PG(14:0/20:1)-H,1.3730269564986877,0.05196454657624769,30,60
462,PG(14:0/20:2)-H,1.2176824835345617,0.054649747878972976,30,60
463,PG(14:0/20:3)-H,1.2659198397926084,0.06457914969984979,30,60
464,PG(14:0/20:4)-H,1.2245764513123851,0.007435137527809628,30,60
465,PG(14:0/22:4)-H,1.0251002937378788,0.8545615024532434,30,60
466,PG(14:0/22:5)-H,1.2560387387308893,0.13042571071066966,30,60
467,PG(14:0/22:6)-H,1.3372891689134583,0.012570626829513931,30,60
468,PG(16:0/14:0)-H,1.3995373163556741,0.009040807736440887,30,60
469,PG(16:0/16:0)-H,1.3945678910859087,0.012383694514494371,30,60
470,PG(16:0/16:1)-H,1.2406720178323811,0.010004981070202786,30,60
471,PG(16:0/18:0)-H,1.140068908178562,0.08113259401241421,30,60
472,PG(16:0/18:1)-H,1.0978523915255136,0.14485870890077757,30,60
473,PG(16:0/18:2)-H,1.1109954633546848,0.16205716665495612,30,60
474,PG(16:0/18:3)-H,1.2239303290843953,0.0205040326543512,30,60
475,PG(16:0/20:1)-H,1.3945293988292173,0.0008724359782209917,30,60
476,PG(16:0/20:2)-H,1.3964435890516664,0.00069315609790204,30,60
477,PG(16:0/20:3)-H,1.0580796519167368,0.49525767776250273,30,60
478,PG(16:0/20:4)-H,0.901586074672677,0.24189674901888353,30,60
479,PG(16:0/20:5)-H,1.028884964018117,0.7468975361602914,30,60
480,PG(16:0/22:4)-H,0.865616830561349,0.055426790477054406,30,60
481,PG(16:0/22:5)-H,0.9621958197898254,0.673093158988722,30,60
482,PG(16:0/22:6)-H,0.9065747230720186,0.2766998611737788,30,60
483,PG(18:0/14:0)-H,1.5155280159932527,0.0030790829226638506,30,60
484,PG(18:0/16:1)-H,1.2612973981663826,0.036730477160349634,30,60
485,PG(18:0/18:0)-H,1.3654724499578033,0.0014200600250895681,30,60
486,PG(18:0/18:1)-H,1.2780437272178193,0.001638124332413622,30,60
487,PG(18:0/18:2)-H,1.3381282280284559,0.006065662046590244,30,60
488,PG(18:0/18:3)-H,0.9180309520551299,0.27346416739599844,30,60
489,PG(18:0/20:0)-H,0.8127870872795259,0.02500629415919543,30,60
490,PG(18:0/20:1)-H,1.4241457167032996,0.011293929514147281,30,60
491,PG(18:0/20:2)-H,1.5200349780440199,0.000513715031724307,30,60
492,PG(18:0/20:3)-H,1.0074338956542273,0.9259078440795973,30,60
493,PG(18:0/20:4)-H,0.9451957961105736,0.45812503029168883,30,60
494,PG(18:0/20:5)-H,0.9036672638608612,0.2524327607874671,30,60
495,PG(18:0/22:4)-H,0.8602912147426719,0.11282543226488387,30,60
496,PG(18:0/22:5)-H,1.0062779516887426,0.9559133946951325,30,60
497,PG(18:0/22:6)-H,0.8293462594938281,0.061981321506163554,30,60
498,PG(18:1/16:1)-H,1.040955073945736,0.5065388862894844,30,60
499,PG(18:1/18:1)-H,1.1265074533610848,0.06245695305593901,30,60
500,PG(18:1/18:2)-H,1.3402070994874893,0.0038788507545784575,30,60
501,PG(18:1/18:3)-H,1.0987244886136283,0.24777596569827293,30,60
502,PG(18:1/20:1)-H,0.9881079778203555,0.8993619820172942,30,60
503,PG(18:1/20:2)-H,1.3349667309694728,0.004548873737825531,30,60
504,PG(18:1/20:3)-H,0.926386151595279,0.2915287215238923,30,60
505,PG(18:1/20:4)-H,0.88707181251853,0.12566475384120973,30,60
506,PG(18:1/20:5)-H,0.9957276504844356,0.9636531060965579,30,60
507,PG(18:1/22:4)-H,0.8161746686910144,0.024063294695739833,30,60
508,PG(18:1/22:5)-H,0.9536657018527485,0.603140677913026,30,60
509,PG(18:1/22:6)-H,0.7923194149708165,0.01740304565287624,30,60
510,PG(18:2/16:1)-H,1.220378354446587,0.008446797113727285,30,60
511,PG(18:2/18:2)-H,1.4394934514749018,0.0001775729885576539,30,60
512,PG(18:2/18:3)-H,1.1444877031089387,0.32797490052766753,30,60
513,PG(18:2/20:1)-H,0.7623428619711242,0.0028554966779468175,30,60
514,PG(18:2/20:2)-H,1.7140556658244614,1.1068000336133346e-05,30,60
515,PG(18:2/20:3)-H,1.1170244275470398,0.20216651376058684,30,60
516,PG(18:2/20:4)-H,0.9992083534349415,0.9936935385108353,30,60
517,PG(18:2/20:5)-H,1.3989403334337918,0.020351098242576676,30,60
518,PG(18:2/22:4)-H,1.1361755725799527,0.16665181497834772,30,60
519,PG(18:2/22:5)-H,1.0106724865016656,0.8988300130209079,30,60
520,PG(18:2/22:6)-H,1.0714472250507256,0.45223920272279916,30,60
521,PG(20:0/16:1)-H,1.1785041530155596,0.2944266356662907,30,60
522,PG(20:0/18:1)-H,0.8544414995643391,0.41478950804110515,30,60
523,PG(20:0/18:2)-H,1.6303157974259503,0.025371580326882026,30,60
524,PG(20:0/20:4)-H,0.9667850027868081,0.8568764440727679,30,60
525,LPI(16:0)-H,1.2166895944950304,0.3568990602826557,30,60
526,LPI(16:1)-H,0.9227598229731527,0.6349352218953881,30,60
527,LPI(18:0)-H,1.3402705451814694,0.05898791722818248,30,60
528,LPI(18:1)-H,1.0052851948381958,0.9723268843106043,30,60
529,LPI(18:2)-H,1.1902287026058451,0.253009266148984,30,60
530,LPI(20:0)-H,1.0060235872801888,0.9733766525659722,30,60
531,LPI(20:1)-H,0.9394686343075417,0.645282551962788,30,60
532,LPI(20:2)-H,1.0204665181473178,0.8871020236771986,30,60
533,LPI(20:3)-H,1.1661185092036834,0.2564493779218539,30,60
534,LPI(20:4)-H,0.9306059707852914,0.7024939985775751,30,60
535,LPI(22:4)-H,1.0564959392162114,0.7647124772052748,30,60
536,PI(14:0/18:1)-H,0.7027819780088969,0.006385915916738873,30,60
537,PI(14:0/20:1)-H,0.7998589977939103,0.015047203741312031,30,60
538,PI(14:0/20:4)-H,0.8480510379261234,0.14515165777671366,30,60
539,PI(16:0/16:0)-H,0.8959394375200732,0.23522212243925708,30,60
540,PI(16:0/16:1)-H,1.0001746952199293,0.9982682616546309,30,60
541,PI(16:0/18:0)-H,0.7980151939743542,0.004471771271154687,30,60
542,PI(16:0/18:1)-H,0.9569733440104871,0.5297574887725365,30,60
543,PI(16:0/18:2)-H,0.9615775637385434,0.6404353092687471,30,60
544,PI(16:0/18:3)-H,0.9457818345781243,0.6228299056626629,30,60
545,PI(16:0/20:1)-H,0.8267053091166632,0.06430458889894564,30,60
546,PI(16:0/20:2)-H,0.9200601049800372,0.2781517988181487,30,60
547,PI(16:0/20:3)-H,0.9366826968555314,0.35960517002913495,30,60
548,PI(16:0/20:4)-H,0.8586639957496766,0.09235002635374953,30,60
549,PI(16:0/20:5)-H,1.0668749640144317,0.6079298377099511,30,60
550,PI(16:0/22:4)-H,0.8302454924436123,0.05145798838654767,30,60
551,PI(16:0/22:5)-H,0.9260915219473974,0.39841828250062694,30,60
552,PI(16:0/22:6)-H,0.8487276813337095,0.24655350283460456,30,60
553,PI(18:0/16:1)-H,0.6291205374510662,2.8854970538666854e-07,30,60
554,PI(18:0/18:0)-H,0.8642432201066146,0.032694046755641075,30,60
555,PI(18:0/18:1)-H,0.5661456857672356,5.663733368901075e-09,30,60
556,PI(18:0/18:2)-H,0.7277219803601044,2.3120162036473956e-05,30,60
557,PI(18:0/18:3)-H,1.3368432756874635,0.00676523414098957,30,60
558,PI(18:0/20:1)-H,0.3763560374857492,2.001836292817838e-06,30,60
559,PI(18:0/20:2)-H,0.7003970623370079,8.522527953422248e-05,30,60
560,PI(18:0/20:3)-H,0.9047786013916137,0.14238887323896687,30,60
561,PI(18:0/20:4)-H,0.8812060158767874,0.10995910941924972,30,60
562,PI(18:0/20:5)-H,0.9227844483885258,0.31746087015825775,30,60
563,PI(18:0/22:4)-H,0.7943654257335705,0.003593974753041296,30,60
564,PI(18:0/22:5)-H,1.0208745597204896,0.8339273010730832,30,60
565,PI(18:0/22:6)-H,0.8806160179641256,0.2096355481830995,30,60
566,PI(18:1/16:1)-H,0.8619882369900195,0.126789375367424,30,60
567,PI(18:1/18:1)-H,0.8517612338746973,0.01341802460066912,30,60
568,PI(18:1/18:2)-H,0.9737764100229114,0.7456635778819936,30,60
569,PI(18:1/18:3)-H,1.0685226694829872,0.6454297544262322,30,60
570,PI(18:1/20:1)-H,0.6891715010921842,0.00027819047942178725,30,60
571,PI(18:1/20:2)-H,0.9514408311131707,0.49772467725591796,30,60
572,PI(18:1/20:3)-H,0.8902454894122654,0.16589069907464565,30,60
573,PI(18:1/20:4)-H,0.8322422535853118,0.04285817256080434,30,60
574,PI(18:1/20:5)-H,1.081236395446924,0.5091684887236732,30,60
575,PI(18:1/22:4)-H,0.8000796239282042,0.010316254669880724,30,60
576,PI(18:1/22:5)-H,0.9530175365283501,0.6194511660170943,30,60
577,PI(18:1/22:6)-H,0.8845273794919174,0.2806709676253295,30,60
578,PI(18:2/16:1)-H,0.9385273957433211,0.6226748955822913,30,60
579,PI(18:2/18:2)-H,0.9058615548885934,0.30972799050977884,30,60
580,PI(18:2/20:3)-H,0.8423660889054866,0.19405539604585367,30,60
581,PI(18:2/20:4)-H,0.8082898469231918,0.08137337062261431,30,60
582,PI(18:2/22:4)-H,0.8071929695993884,0.10433770629205498,30,60
583,PI(18:2/22:6)-H,0.8353256738983328,0.2673457586777589,30,60
584,PI(20:0/16:1)-H,0.5060965131970514,,30,60
585,PI(20:0/18:1)-H,0.6941184858561419,0.013255679588652912,30,60
586,PI(20:0/20:4)-H,0.8649199916701035,0.08348220728482672,30,60
587,PI(20:0/22:6)-H,0.8229856852358958,0.17821165501287645,30,60
588,LPS(18:0)-H,0.9709918521617752,0.9565239850116246,30,60
589,LPS(18:1)-H,0.7459354645981029,0.5374666450974729,30,60
590,LPS(20:0)-H,1.0015554135560263,0.997906258518769,30,60
591,PS(14:0/20:1)-H,0.9226468072827329,0.6312903615942873,30,60
592,PS(14:0/20:4)-H,0.9225337321787728,0.7722795509487322,30,60
593,PS(16:0/18:0)-H,1.1690008121111868,0.3136784765552775,30,60
594,PS(16:0/20:1)-H,0.8943896765164838,0.4771096141692457,30,60
595,PS(16:0/20:4)-H,0.8572796911556538,0.3168333341320341,30,60
596,PS(16:0/20:5)-H,0.9980776497928857,0.9905532300929538,30,60
597,PS(16:0/22:4)-H,0.992802922004027,0.9744120663825587,30,60
598,PS(16:0/22:5)-H,1.149065625047854,0.46268469850466165,30,60
599,PS(16:0/22:6)-H,0.838441336546018,0.2639106946491716,30,60
600,PS(18:0/14:0)-H,1.133170942376641,0.48217486662043163,30,60
601,PS(18:0/16:1)-H,1.1192429427296444,0.48872864493915136,30,60
602,PS(18:0/18:0)-H,0.9236953286844924,0.63269840736887,30,60
603,PS(18:0/18:1)-H,0.960497623454507,0.786620583575081,30,60
604,PS(18:0/18:2)-H,1.102161620484493,0.4975668222551394,30,60
605,PS(18:0/18:3)-H,1.0821850516222147,0.5519903681439173,30,60
606,PS(18:0/20:0)-H,0.6778337123136229,0.0024456357462256783,30,60
607,PS(18:0/20:1)-H,0.8432441835264731,0.27082574697201744,30,60
608,PS(18:0/20:2)-H,1.0339275667505434,0.7863748356308158,30,60
609,PS(18:0/20:3)-H,0.9485695804690836,0.7127369453186565,30,60
610,PS(18:0/20:4)-H,0.8346529793225507,0.17237290890154042,30,60
611,PS(18:0/20:5)-H,0.8882719806047444,0.546286505223909,30,60
612,PS(18:0/22:4)-H,0.9448028016105661,0.6764499470898306,30,60
613,PS(18:0/22:5)-H,1.1123620384008603,0.46696874898039165,30,60
614,PS(18:0/22:6)-H,0.8899155052333629,0.3376041362876059,30,60
615,PS(18:1/16:1)-H,0.8361456588275258,0.35063094410980866,30,60
616,PS(18:1/18:1)-H,0.7945431230948873,0.11751266433590297,30,60
617,PS(18:1/20:2)-H,0.9698691931701862,0.8960064111136332,30,60
618,PS(18:1/20:4)-H,0.6988735833857903,0.06138670648360868,30,60
619,PS(18:1/22:6)-H,0.8007512213980826,0.2269133315156175,30,60
620,PS(18:2/18:2)-H,0.9593970486509189,0.8279539163440096,30,60
621,PS(18:2/20:1)-H,0.7731775935836284,0.3287316330033483,30,60
622,PS(18:2/20:2)-H,1.0687427852697855,0.7833226847876277,30,60
623,PS(18:2/20:4)-H,0.6042154164411069,0.007704250275033315,30,60
624,PS(18:2/22:6)-H,0.9317439328185825,0.736284042631328,30,60
625,PS(20:0/16:1)-H,0.9433849019334402,0.6545841729631305,30,60
626,PS(20:0/18:2)-H,0.825789879234363,0.12514585910122045,30,60
627,PS(20:0/18:3)-H,0.789243490029654,0.17918278925602327,30,60
628,PS(20:0/20:1)-H,0.6660410212731407,0.003121201796158109,30,60
629,PS(20:0/20:2)-H,0.9067411072299477,0.4323052363164803,30,60
630,PS(20:0/20:3)-H,0.8566008571181032,0.3279833111320455,30,60
631,PS(20:0/20:4)-H,0.8200301350223859,0.11769047044076798,30,60
632,PS(20:0/22:4)-H,0.7582773659791778,0.07403503847046485,30,60
633,PS(20:0/22:5)-H,0.83632318417353,0.27577804030620884,30,60
634,PS(20:0/22:6)-H,0.5608339214848418,0.044032625419030746,30,60
635,FFA 12:0 (Lauric acid),1.0660824497778598,0.8689374150526543,30,60
636,FFA 13:0 (Tridecanoic acid),1.095375685419102,0.820827200580273,30,60
637,FFA 14:0 (Myristic acid),0.8419523349156561,0.6577414210966435,30,60
638,"FFA 14:1 (Myristoleic acid, nâ€“5)",0.8978938322585869,0.7294235035047769,30,60
639,FFA 15:0 (Pentadecylic acid),0.7439084325563445,0.4104971860880112,30,60
640,FFA 16:0 (Palmitic acid),0.8764823956379448,0.7669295785657778,30,60
641,"FFA 16:1 (Palmitoleic acid, nâ€“7)",0.9716761128672522,0.9395193563374482,30,60
642,FFA 17:0 (Margaric acid),0.9756559770623561,0.9523340889092893,30,60
643,FFA 18:0 (Stearic acid),0.7805052316586323,0.5251431721505184,30,60
644,"FFA 18:1 (Oleic acid, nâ€“9 or cis-Vaccenic acid, nâ€“7)",0.8857641336279897,0.7378968464225355,30,60
645,"FFA 18:1 (Elaidic acid, nâ€“9 or trans-Vaccenic acid, nâ€“7)",0.9433431456524598,0.8666858202432286,30,60
646,"FFA 18:2 (Linoleic acid, nâ€“6)",1.3357587267201854,0.5059993386895514,30,60
647,"FFA 18:3 (a-Linolenic acid, nâ€“3 or g-Linolenic acid, nâ€“6)",0.7378447176388089,0.3427991137634069,30,60
648,"FFA 18:4 (Stearidonic acid, nâ€“3)",0.8725459385601513,0.8064802356414917,30,60
649,FFA 19:0 (Tuberculostearic acid),0.813787560170382,0.5463798417081729,30,60
650,FFA 20:0 (Arachidic acid),0.8345067739118556,0.6124468206307034,30,60
651,"FFA 20:1 (cis-11-Eicosenoic acid, nâ€“9)",1.0715512947754275,0.8545950011821755,30,60
652,"FFA 20:2 (cis-11-14-Eicosadienoic acid, nâ€“6)",0.9937511946925937,0.985907939318104,30,60
653,"FFA 20:3 (Dihomo-g-linolenic acid, nâ€“6 or Mead acid, nâ€“9)",0.8445038200482324,0.6642487359845286,30,60
654,"FFA 20:4 (Arachidonic acid, nâ€“6)",0.8101728604722458,0.5665952657793568,30,60
655,"FFA 20:5 (Eicosapentaenoic acid, nâ€“3)",0.8931047928759197,0.7846530255656842,30,60
656,FFA 21:0 (Heneicosanoic acid),0.8581556955785361,0.6682533992362711,30,60
657,FFA 22:0 (Behenic acid),0.8667801017675075,0.6935908800032285,30,60
658,"FFA 22:1 (Erucic acid, nâ€“9)",1.0634618445733277,0.8760666283256731,30,60
659,"FFA 22:4 (Docosatetraenoic acid,  nâ€“6)",0.8786026817524475,0.7858203608797887,30,60
660,"FFA 22:5 (Docosapentaenoic acid, nâ€“6)",0.8894968900868382,0.74532028933654,30,60
661,"FFA 22:6 (Docosahexaenoic acid, nâ€“3)",0.850672060640572,0.6566659532830921,30,60
662,FFA 23:0 (Tricosanoic acid),1.0104254743195396,0.9771929763595069,30,60
663,FFA 24:0 (Lignoceric acid),0.9639442759567313,0.9222229439553956,30,60
664,"FFA 24:1 (Nervonic acid, nâ€“9)",0.8764880032295909,0.7894980630790778,30,60
665,FFA 25:0 (Pentacosanoic acid),0.8388449119703991,0.6380249618348697,30,60
666,FFA 26:0 (Cerotic acid),0.7241484431039312,0.36920114179605146,30,60
667,FFA 27:0 (Heptacosanoic acid),0.9472827090561304,0.8889063523023246,30,60
668,FFA 28:0 (Montanic acid),1.3287239274650857,0.4963795198137102,30,60
669,EPA,0.9509341885980406,0.9303342345044843,30,60
670,DHA,0.8305186022871688,0.61264123171947,30,60
671,DPA,0.8723623810495483,0.7263445840542277,30,60
672,Adrenic Acid,0.8708143020197824,0.7698917675698383,30,60
673,AA,0.7799346768890225,0.5081767614035471,30,60
674,CE(20:0)+H,0.6842118027977011,0.3409793513910264,30,60
675,CE(22:5)+H,0.4853503045701571,0.5495714215284114,30,60
676,CE(18:2)+H,0.5965025968373125,0.18039376718965403,30,60
677,CE(18:3)+H,0.34727738683902154,0.08254219966236302,30,60
678,TAG(44:1/FA16:0)+NH4,0.7207803168543088,0.5980884588242965,30,60
679,TAG(44:2/FA16:0)+NH4,0.4444478555041927,0.17977793974139977,30,60
680,TAG(46:2/FA14:0)+NH4,1.1030083079655513,0.7987744523788365,30,60
681,TAG(47:1/FA14:0)+NH4,0.4735752565590804,0.3205088995541196,30,60
682,TAG(47:2/FA18:1)+NH4,0.9146148073665583,0.8658272373115676,30,60
683,TAG(48:2/FA18:1)+NH4,1.4474927754528806,0.3736898507763686,30,60
684,TAG(48:3/FA16:0)+NH4,0.36513276121924804,0.3932089215367671,30,60
685,TAG(50:3/FA14:0)+NH4,0.45614715665454947,0.42102255749284045,30,60
686,TAG(50:3/FA16:0)+NH4,0.6723558165824143,0.4924155117464364,30,60
687,TAG(50:4/FA14:0)+NH4,0.8786050621844849,0.786361164311947,30,60
688,TAG(51:3/FA16:1)+NH4,0.5426009291325073,0.16220707515718513,30,60
689,TAG(52:5/FA18:1)+NH4,0.5370452076344274,0.2580284444486968,30,60
690,TAG(52:6/FA16:1)+NH4,0.2855472816867605,0.22563406916303086,30,60
691,TAG(55:5/FA18:2)+NH4,0.7611020151457569,0.5783703187287123,30,60
692,TAG(55:7/FA22:6)+NH4,1.7646229422974584,0.5420964537905963,30,60
693,DAG(16:0/16:1)+NH4,0.7120134892336003,0.5266066567615706,30,60
694,DAG(14:0/20:0)+NH4,0.8554748867436881,0.6026474325776889,30,60
695,DAG(16:1/18:0)+NH4,1.6768973400826528,0.2826564547006063,30,60
696,PC(16:0/20:5)+AcO,1.399298263506649,0.013605640585093493,30,60
697,PC(18:0/22:4)+AcO,0.7831367022484466,0.06935125034767013,30,60
698,PE(14:0/20:3)-H,0.9084073903178382,0.6763080104857573,30,60
699,PE(18:2/20:2)-H,1.0697259817347786,0.6207414373190288,30,60
700,PE(P-14:0/18:1)-H,0.8434814212509885,0.4800114807168351,30,60
701,LPG(18:1)-H,1.0308042305738656,0.7946405899961443,30,60
702,PG(14:0/20:5)-H,0.785732466077198,0.5543102354648454,30,60
703,LPS(20:4)-H,0.6193668110470948,0.4126778854714285,30,60
704,PS(14:0/18:1)-H,0.9079055328256421,0.6413685992624831,30,60
705,CE(20:2)+H,0.670613223661347,0.4916077094318173,30,60
706,CE(22:4)+H,0.5823187784471378,0.18626580251664027,30,60
707,TAG(45:1/FA18:1)+NH4,0.9070497794449038,0.8394709657668682,30,60
708,TAG(52:5/FA22:5)+NH4,0.5609082483028006,0.4649383871006174,30,60
709,TAG(52:6/FA20:5)+NH4,0.5289514658174825,0.45525384067201935,30,60
710,TAG(52:7/FA16:0)+NH4,2.780689496225676,0.42922002312126306,30,60
711,PC(18:1/22:4)+AcO,0.8942473261085779,0.4921637461527315,30,60
712,LPI(22:6)-H,0.7107168601400556,0.4290008422033905,30,60
713,CE(22:0)+H,3.807186605587605,0.20618499685230954,30,60
714,TAG(50:5/FA18:2)+NH4,0.3949192654485019,0.39746800410092276,30,60
715,TAG(54:5/FA18:0)+NH4,0.718885768695368,0.6648334219667028,30,60
716,TAG(54:5/FA18:3)+NH4,1.198030793931885,0.8121668846528731,30,60
717,TAG(54:7/FA18:3)+NH4,0.5204821688497251,0.34107291593572076,30,60
718,TAG(54:8/FA18:3)+NH4,0.8473488088976318,0.8020304020960498,30,60
719,PC(14:0/18:2)+AcO,0.18965167747813558,,30,60
720,PE(P-16:0/16:0)-H,0.5492983536648488,0.16072085145939863,30,60
721,PG(20:0/20:2)-H,0.9164008429051609,0.790535363919246,30,60
722,LPS(16:1)-H,0.63204094666501,,30,60
723,PS(14:0/14:0)-H,1.0223471988678392,0.9054734218009138,30,60
724,PS(18:2/18:3)-H,1.6788629400415958,0.37199125719843834,30,60
725,CE(22:1)+H,0.8042889183403887,0.6948478015381956,30,60
726,TAG(50:1/FA14:0)+NH4,3.1379159676467063,0.45286561485524357,30,60
727,TAG(53:3/FA16:0)+NH4,1.300864576099422,0.6187047231707611,30,60
728,PS(18:1/22:5)-H,0.7202563546716426,0.6269684276233807,30,60
729,TAG(54:4/FA22:4)+NH4,0.36347276652640176,0.44162384571486857,30,60
730,TAG(54:5/FA16:1)+NH4,0.9897611652925659,0.9804863031746367,30,60
731,TAG(52:8/FA16:1)+NH4,0.39172712285964956,0.11141654084414356,30,60
732,TAG(52:8/FA18:2)+NH4,0.5612661513488402,0.6690058361638641,30,60
733,TAG(53:4/FA17:0)+NH4,0.20899340792388615,0.3456958038757678,30,60
734,DAG(16:0/18:3)+NH4,1.0762637827133597,0.924594084891171,30,60
735,TAG(52:7/FA18:1)+NH4,7.380821885804626,0.5957579708561036,30,60
736,TAG(56:3/FA18:1)+NH4,2.1189534942480166,0.4280012223368209,30,60
737,PG(20:0/20:1)-H,0.6153066141440907,0.06758242003458492,30,60
738,TAG(50:4/FA18:3)+NH4,0.5067885887838102,0.5497038070539848,30,60
739,LPS(22:4)-H,2.147352970266086,0.15015637953685262,30,60
740,TAG(50:4/FA16:0)+NH4,1.0672962180549346,0.9426870680343609,60,30
741,SM(22:0)+H,1.0890864329653172,0.8609556381915404,30,60
742,TAG(51:1/FA17:0)+NH4,3.8013729219492634,0.27446610852538644,30,60
743,PC(18:0/20:2)+AcO,3.4419299445584906,,30,60
744,PC(18:0/22:5)+AcO,0.957575363766976,0.860756928261038,30,60
745,PS(14:0/20:3)-H,0.6032613736999305,,30,60
746,PG(20:0/20:5)-H,0.6652414983119167,,30,60
747,LPG(18:2)-H,1.168887722437942,,30,60
748,PS(18:1/22:4)-H,0.8074367851144478,,30,60
