,lipid,fc,p,gender1,gender2
0,SM(14:0)+H,0.9038902320595286,0.23910391620034166,Male,Female
1,SM(16:0)+H,1.0014567637922696,0.9876144811226327,Male,Female
2,SM(18:0)+H,1.0343428945543998,0.8154593401973023,Male,Female
3,SM(18:1)+H,0.989941376561941,0.8841973025837163,Male,Female
4,SM(20:0)+H,1.247648752291222,0.39195911232101477,Male,Female
5,SM(20:1)+H,1.1126527864362818,0.4103102028425265,Male,Female
6,SM(22:1)+H,1.459262600801516,0.12429092832927296,Male,Female
7,SM(24:0)+H,1.4595420849120533,0.2512925761029025,Male,Female
8,SM(24:1)+H,1.1277862335710909,0.5628343940529853,Male,Female
9,SM(26:0)+H,0.695134665291363,0.4800547676494984,Male,Female
10,CE(22:6)+H,0.4064806106567388,0.25232064089409717,Male,Female
11,CE(14:0)+H,0.9911845268057697,0.980271201786741,Male,Female
12,CE(16:1)+H,3.277780556312303,0.3544102547798217,Male,Female
13,CE(18:0)+H,1.8377858555727205,0.23679730701029872,Male,Female
14,CE(18:1)+H,0.7901524436315107,0.5140672232798067,Male,Female
15,CE(20:3)+H,0.964619192210956,0.9278717877386812,Male,Female
16,CE(20:4)+H,1.1142829964567624,0.7954826246182793,Male,Female
17,CE(20:5)+H,0.5538444917528285,0.28504317663633666,Male,Female
18,CE(22:2)+H,2.3594287329053953,0.0690712825949454,Male,Female
19,CE(24:1)+H,0.8816280336793298,0.7913649973207152,Male,Female
20,CER(14:0)+H,0.8717366374373526,0.7355546880644658,Male,Female
21,CER(16:0)+H,0.9178944230837958,0.8165053771220603,Male,Female
22,CER(18:0)+H,1.2674412044673804,0.5160689459463095,Male,Female
23,CER(18:1)+H,0.9025745777136647,0.7917969506251008,Male,Female
24,CER(20:0)+H,1.1151174387297575,0.7411684872207982,Male,Female
25,CER(20:1)+H,1.1129976152265053,0.7524559365666912,Male,Female
26,CER(22:0)+H,1.015741362613981,0.963270166828658,Male,Female
27,CER(22:1)+H,1.0313894584567758,0.9238100415456036,Male,Female
28,CER(24:0)+H,1.207623733822793,0.5589702809031245,Male,Female
29,CER(24:1)+H,0.9539897964270362,0.8886790684431819,Male,Female
30,CER(26:1)+H,0.8967040106470829,0.8086123788346894,Male,Female
31,DCER(14:0)+H,1.0291637730959657,0.9486113869283817,Male,Female
32,DCER(16:0)+H,0.9874816856910832,0.9576761892330967,Male,Female
33,DCER(18:0)+H,1.0645105368659917,0.8699482180916469,Male,Female
34,DCER(18:1)+H,1.1603621278529939,0.7734029399079703,Male,Female
35,DCER(20:0)+H,1.1219721505771394,0.7844756217241364,Male,Female
36,DCER(20:1)+H,0.7649321880869676,0.5783668667470301,Male,Female
37,DCER(22:0)+H,0.7200262588636062,0.3592856178534163,Male,Female
38,DCER(22:1)+H,1.1112897774103718,0.747966730019398,Male,Female
39,DCER(24:0)+H,0.8679065303068906,0.7371860222272815,Male,Female
40,DCER(24:1)+H,0.8863908430187238,0.7206013808259637,Male,Female
41,DCER(26:0)+H,0.9129504690560434,0.7982685973637802,Male,Female
42,DCER(26:1)+H,1.2791430658831182,0.6986949875280491,Male,Female
43,HCER(14:0)+H,0.7939783512560729,0.5314852287804448,Male,Female
44,HCER(16:0)+H,0.8289532644647681,0.5968255361732944,Male,Female
45,HCER(18:0)+H,0.886854059845607,0.8085368743532858,Male,Female
46,HCER(18:1)+H,0.8779804679082714,0.7305198534565873,Male,Female
47,HCER(20:0)+H,0.9385482345330033,0.8821243015333273,Male,Female
48,HCER(20:1)+H,0.9772031501190559,0.952348423549158,Male,Female
49,HCER(22:0)+H,0.9421175551891255,0.8556542442580901,Male,Female
50,HCER(22:1)+H,1.0012868682401643,0.996813728225918,Male,Female
51,HCER(24:0)+H,0.8788315443227558,0.7318235609978873,Male,Female
52,HCER(24:1)+H,0.9768330285552729,0.9440840484538107,Male,Female
53,HCER(26:0)+H,1.812249931407398,0.08498801237305582,Male,Female
54,HCER(26:1)+H,1.171409637031631,0.6734504287153029,Male,Female
55,HCER(d18:0/18:0)+H,0.8250787499311206,0.7009114056287922,Male,Female
56,HCER(d18:0/22:0)+H,1.1706652720980415,0.654578652426997,Male,Female
57,HCER(d18:0/24:0)+H,0.8959232376449582,0.7875771518833414,Male,Female
58,HCER(d18:0/24:1)+H,1.1303448957170537,0.6938825462842125,Male,Female
59,LCER(14:0)+H,1.1099603234934825,0.7571584767018753,Male,Female
60,LCER(16:0)+H,1.2026499616479172,0.5709469469639008,Male,Female
61,LCER(18:0)+H,0.5610324751104908,0.18137469462118355,Male,Female
62,LCER(26:1)+H,2.31363451798253,0.27411160967853915,Male,Female
63,LCER(d18:0/20:0)+H,0.6758256820751595,0.3059336850798001,Male,Female
64,TAG(44:1/FA16:1)+NH4,1.6985887117945964,0.17084789019924698,Male,Female
65,TAG(44:2/FA16:1)+NH4,0.8392398224280712,0.5814767662253342,Male,Female
66,TAG(44:3/FA18:2)+NH4,1.4233858641414294,0.45383131807497856,Male,Female
67,TAG(45:1/FA16:0)+NH4,2.2479932935039373,0.0359300533639907,Male,Female
68,TAG(46:0/FA18:0)+NH4,1.1456210665090323,0.7226203734388037,Male,Female
69,TAG(46:1/FA18:1)+NH4,0.579462600315544,0.5008193629141808,Male,Female
70,TAG(46:2/FA16:1)+NH4,0.854974794208963,0.7629570073405043,Male,Female
71,TAG(46:2/FA18:1)+NH4,0.791849119222029,0.6285648495623362,Male,Female
72,TAG(46:2/FA18:2)+NH4,0.7747658354383643,0.5226631840882399,Male,Female
73,TAG(46:3/FA16:1)+NH4,1.2429112042051094,0.5607480646114906,Male,Female
74,TAG(46:3/FA18:1)+NH4,1.3616043214020999,0.5403413216221811,Male,Female
75,TAG(46:3/FA18:2)+NH4,0.7282486294015548,0.45921181892860985,Male,Female
76,TAG(46:3/FA18:3)+NH4,0.9172286318724533,0.8372514482530935,Male,Female
77,TAG(46:4/FA18:2)+NH4,1.0571552438464284,0.8453381125268797,Male,Female
78,TAG(47:0/FA17:0)+NH4,1.3729796274637338,0.3822590080411885,Male,Female
79,TAG(47:1/FA17:0)+NH4,1.5794510865799771,0.18548087958471526,Male,Female
80,TAG(48:1/FA14:0)+NH4,1.245638198051961,0.6888489863928955,Male,Female
81,TAG(48:1/FA16:0)+NH4,0.6818237211616567,0.12366485133314341,Male,Female
82,TAG(48:1/FA16:1)+NH4,0.47414105679474894,0.29266076274586944,Male,Female
83,TAG(48:2/FA14:0)+NH4,0.8361055944018434,0.6907951319126835,Male,Female
84,TAG(48:2/FA16:1)+NH4,0.972035044459618,0.9555103005860394,Male,Female
85,TAG(48:3/FA14:0)+NH4,2.3262432883921242,0.2591371882980752,Male,Female
86,TAG(48:3/FA16:1)+NH4,1.6946504408124536,0.3078857150342244,Male,Female
87,TAG(48:3/FA18:1)+NH4,0.5952829366932619,0.46502402387660036,Male,Female
88,TAG(48:3/FA18:2)+NH4,1.0408447157347942,0.9589995117089408,Male,Female
89,TAG(48:4/FA18:2)+NH4,0.583817606852175,0.29552967294587545,Male,Female
90,TAG(48:4/FA18:3)+NH4,1.2966866292599983,0.6181581541017982,Male,Female
91,TAG(48:5/FA18:3)+NH4,0.8214002551138286,0.7269005590939472,Male,Female
92,TAG(49:1/FA17:0)+NH4,0.8937160658650969,0.8353307381148033,Male,Female
93,TAG(49:2/FA16:1)+NH4,2.735829007474072,0.2594969107390318,Male,Female
94,TAG(49:2/FA18:2)+NH4,1.7890213982395748,0.33505494934969704,Male,Female
95,TAG(49:3/FA16:1)+NH4,1.400308861186363,0.48382819085706685,Male,Female
96,TAG(50:0/FA16:0)+NH4,0.8712149112184957,0.7069772349510134,Male,Female
97,TAG(50:1/FA16:0)+NH4,0.7993306230608471,0.5684685856159475,Male,Female
98,TAG(50:1/FA18:1)+NH4,0.8390868108209681,0.5202896568668611,Male,Female
99,TAG(50:2/FA14:0)+NH4,0.8493830891597846,0.7285128152975762,Male,Female
100,TAG(50:2/FA16:0)+NH4,0.8032151351460729,0.5370837000440167,Male,Female
101,TAG(50:2/FA16:1)+NH4,0.9250373480122215,0.8753849461992697,Male,Female
102,TAG(50:2/FA18:1)+NH4,0.8185237541515363,0.6840235966511443,Male,Female
103,TAG(50:2/FA18:2)+NH4,0.7055165298547995,0.5256885377969627,Male,Female
104,TAG(50:3/FA16:1)+NH4,1.1532462700220936,0.819478916173268,Male,Female
105,TAG(50:3/FA18:1)+NH4,1.7749876940160745,0.3898684578958118,Male,Female
106,TAG(50:3/FA18:2)+NH4,1.1551627114458043,0.7186226435027545,Male,Female
107,TAG(50:3/FA18:3)+NH4,0.7828421475842358,0.6593316464197548,Male,Female
108,TAG(50:4/FA16:1)+NH4,3.222559898073757,0.13529877728038112,Male,Female
109,TAG(50:4/FA18:2)+NH4,1.1968888556152073,0.7810116248790715,Male,Female
110,TAG(50:5/FA14:0)+NH4,0.3729020266651123,0.45895183141743334,Male,Female
111,TAG(50:5/FA18:3)+NH4,0.5685377488916892,0.225463813485979,Male,Female
112,TAG(51:0/FA17:0)+NH4,0.9831915099836125,0.9643685596044866,Male,Female
113,TAG(51:2/FA16:1)+NH4,1.3460953155009014,0.5085347765616384,Male,Female
114,TAG(51:3/FA18:2)+NH4,0.8150338432909199,0.7308951679537391,Male,Female
115,TAG(51:4/FA18:2)+NH4,2.138567740474456,0.32945689070928696,Male,Female
116,TAG(51:4/FA18:3)+NH4,2.225360403832449,0.14583473951035658,Male,Female
117,TAG(52:0/FA20:0)+NH4,0.900302743375092,0.702132188564834,Male,Female
118,TAG(52:1/FA16:0)+NH4,2.088031078522185,0.33865103804108565,Male,Female
119,TAG(52:1/FA18:1)+NH4,0.7447341235661048,0.7104082499516879,Male,Female
120,TAG(52:1/FA20:0)+NH4,2.200174947180451,0.037047079954802664,Male,Female
121,TAG(52:2/FA16:0)+NH4,0.44477429963694887,0.08901212463731166,Male,Female
122,TAG(52:2/FA18:1)+NH4,0.7219744281704618,0.288414350421228,Male,Female
123,TAG(52:2/FA18:2)+NH4,1.079238807371465,0.8389828073063532,Male,Female
124,TAG(52:3/FA16:0)+NH4,0.5000983288867328,0.18961848287156557,Male,Female
125,TAG(52:3/FA16:1)+NH4,0.3554443057970929,0.20576199475411733,Male,Female
126,TAG(52:3/FA18:1)+NH4,0.6093843055637647,0.33787574692735955,Male,Female
127,TAG(52:3/FA18:2)+NH4,0.6043097509261166,0.36927595242315736,Male,Female
128,TAG(52:4/FA14:0)+NH4,0.7773539392889446,0.622807040593794,Male,Female
129,TAG(52:4/FA16:0)+NH4,0.7931277166187662,0.5617812871297496,Male,Female
130,TAG(52:4/FA16:1)+NH4,0.6978103446581377,0.5964598172323416,Male,Female
131,TAG(52:4/FA18:1)+NH4,1.3538071690678437,0.6782885190905066,Male,Female
132,TAG(52:4/FA18:2)+NH4,0.9317272263344877,0.9050428400572677,Male,Female
133,TAG(52:4/FA18:3)+NH4,0.37686339940289465,0.16620385130528936,Male,Female
134,TAG(52:4/FA20:3)+NH4,1.3909835601147693,0.5631405693465232,Male,Female
135,TAG(52:4/FA20:4)+NH4,0.8722786966398957,0.5669172265390576,Male,Female
136,TAG(52:5/FA14:0)+NH4,1.218153459981681,0.6780544952892266,Male,Female
137,TAG(52:5/FA16:0)+NH4,0.5260359711427893,0.23832891735127695,Male,Female
138,TAG(52:5/FA16:1)+NH4,1.8142408714128586,0.47257541610474163,Male,Female
139,TAG(52:5/FA18:2)+NH4,0.8543282574993495,0.8244344140960449,Male,Female
140,TAG(52:5/FA18:3)+NH4,0.9754535701052839,0.9694009658797358,Male,Female
141,TAG(52:5/FA20:4)+NH4,1.4314091458708664,0.2502319284305814,Male,Female
142,TAG(52:6/FA14:0)+NH4,0.9777408421364598,0.9586486569566955,Male,Female
143,TAG(52:6/FA16:0)+NH4,0.98837561726587,0.9768946812010008,Male,Female
144,TAG(52:6/FA18:2)+NH4,0.705302584132556,0.5859880731832295,Male,Female
145,TAG(52:6/FA18:3)+NH4,1.4230678448705412,0.648390576866684,Male,Female
146,TAG(52:6/FA20:4)+NH4,2.0016331229297184,0.3476555477530491,Male,Female
147,TAG(52:6/FA22:6)+NH4,0.8164927462677286,0.5735598151435345,Male,Female
148,TAG(52:7/FA22:6)+NH4,1.1205958264933034,0.8281852075708216,Male,Female
149,TAG(53:0/FA16:0)+NH4,1.1851481671851203,0.6477928929911168,Male,Female
150,TAG(53:1/FA16:0)+NH4,1.1596536529723225,0.83249060125722,Male,Female
151,TAG(53:2/FA16:0)+NH4,2.7275305420179174,0.13470819704211762,Male,Female
152,TAG(53:2/FA17:0)+NH4,2.811761958271668,0.6116710562382398,Male,Female
153,TAG(53:4/FA18:2)+NH4,0.4197287039913506,0.38670722947747005,Male,Female
154,TAG(54:1/FA20:0)+NH4,1.2141672552527565,0.6051243823107746,Male,Female
155,TAG(54:2/FA18:0)+NH4,0.6920864640979227,0.47411069981295506,Male,Female
156,TAG(54:2/FA18:1)+NH4,0.5002295173258672,0.1634891040138243,Male,Female
157,TAG(54:2/FA20:0)+NH4,0.8530293179750247,0.6578467085824615,Male,Female
158,TAG(54:2/FA20:1)+NH4,0.8872016995195856,0.8885844862998006,Male,Female
159,TAG(54:3/FA18:0)+NH4,0.637200027760904,0.4371970205022657,Male,Female
160,TAG(54:4/FA18:0)+NH4,0.27452345452420696,0.2895658023409566,Male,Female
161,TAG(54:4/FA18:1)+NH4,0.6148274207890094,0.4284982116057038,Male,Female
162,TAG(54:4/FA18:2)+NH4,0.6934254415765746,0.5179403055836562,Male,Female
163,TAG(54:4/FA20:3)+NH4,1.0337475317901248,0.9346117517740615,Male,Female
164,TAG(54:4/FA20:4)+NH4,0.9800177892211216,0.9544024021221325,Male,Female
165,TAG(54:5/FA16:0)+NH4,0.8292427472191363,0.682164720874268,Male,Female
166,TAG(54:5/FA18:1)+NH4,0.7123356615269486,0.5383183252566545,Male,Female
167,TAG(54:5/FA18:2)+NH4,0.7883255308094523,0.6612984834376527,Male,Female
168,TAG(54:5/FA20:4)+NH4,0.7661737086827941,0.4981990929130796,Male,Female
169,TAG(54:5/FA22:5)+NH4,1.7063032085920848,0.13374623767978008,Male,Female
170,TAG(54:6/FA16:0)+NH4,0.8920000208074428,0.6591084227552864,Male,Female
171,TAG(54:6/FA16:1)+NH4,1.9394513805110447,0.1029298921025809,Male,Female
172,TAG(54:6/FA18:1)+NH4,0.6849922862360514,0.41596503423896913,Male,Female
173,TAG(54:6/FA18:2)+NH4,0.7716273344038797,0.5769858832064314,Male,Female
174,TAG(54:6/FA18:3)+NH4,1.8887831118272098,0.3681907158593385,Male,Female
175,TAG(54:6/FA20:4)+NH4,0.7452317867376439,0.3329130114911373,Male,Female
176,TAG(54:6/FA22:5)+NH4,1.425397729154086,0.24347375055563275,Male,Female
177,TAG(54:6/FA22:6)+NH4,1.201527027662045,0.5306738888469583,Male,Female
178,TAG(54:7/FA16:1)+NH4,1.6797011649087334,0.20051136135976722,Male,Female
179,TAG(54:7/FA18:2)+NH4,0.780519492302465,0.6323925481795734,Male,Female
180,TAG(54:7/FA20:4)+NH4,1.8998035204275674,0.24312808357372911,Male,Female
181,TAG(54:7/FA22:6)+NH4,1.0017132022701032,0.9942501995600714,Male,Female
182,TAG(54:8/FA18:2)+NH4,2.69657943403039,0.30662927053291367,Male,Female
183,TAG(54:8/FA22:6)+NH4,1.3057612540087535,0.4254623456772181,Male,Female
184,TAG(55:1/FA16:0)+NH4,2.1443811131246338,0.22175841598803514,Male,Female
185,TAG(55:1/FA18:1)+NH4,1.2944276998338815,0.4629916344524807,Male,Female
186,TAG(56:5/FA16:0)+NH4,0.7980046505563804,0.5128295961918723,Male,Female
187,TAG(56:5/FA18:1)+NH4,0.9672359007197473,0.9248670844436931,Male,Female
188,TAG(56:5/FA20:4)+NH4,0.9436045652703389,0.8634742565648392,Male,Female
189,TAG(56:6/FA18:0)+NH4,1.6584526042699599,0.1063932354827374,Male,Female
190,TAG(56:6/FA18:1)+NH4,1.056777333344347,0.8614933920445518,Male,Female
191,TAG(56:6/FA20:4)+NH4,1.085842709458367,0.7679808311326324,Male,Female
192,TAG(56:6/FA22:5)+NH4,0.6550518254147806,0.3416475088009958,Male,Female
193,TAG(56:6/FA22:6)+NH4,0.9524748571847321,0.8781844815376867,Male,Female
194,TAG(56:7/FA16:0)+NH4,1.2970018777396881,0.3538945312057994,Male,Female
195,TAG(56:7/FA16:1)+NH4,1.7893333889114886,0.16486779716732075,Male,Female
196,TAG(56:7/FA18:1)+NH4,1.2068501910741776,0.5088340511243026,Male,Female
197,TAG(56:7/FA18:3)+NH4,0.49404095238022894,0.33516904617571863,Male,Female
198,TAG(56:7/FA20:3)+NH4,1.020618777198878,0.9609984190916634,Male,Female
199,TAG(56:7/FA20:4)+NH4,1.1664950535866319,0.6813474559573778,Male,Female
200,TAG(56:7/FA22:5)+NH4,0.540169001467553,0.3048874509665026,Male,Female
201,TAG(56:7/FA22:6)+NH4,0.9276257990819737,0.7889626622632463,Male,Female
202,TAG(56:8/FA16:0)+NH4,1.0811841952741723,0.866908660438263,Male,Female
203,TAG(56:8/FA16:1)+NH4,2.2610796057278413,0.046984651311687636,Male,Female
204,TAG(56:8/FA18:1)+NH4,1.2697753724118828,0.665000225519115,Male,Female
205,TAG(56:8/FA18:2)+NH4,0.7828845632107967,0.6767825126159709,Male,Female
206,TAG(56:8/FA20:4)+NH4,1.1324882546356745,0.7830750850633885,Male,Female
207,TAG(56:8/FA22:6)+NH4,0.9736851173219523,0.9295489491913124,Male,Female
208,TAG(56:9/FA18:3)+NH4,1.21234782828692,0.697762804193685,Male,Female
209,TAG(56:9/FA20:4)+NH4,1.5266958979361676,0.366508801487724,Male,Female
210,TAG(56:9/FA22:6)+NH4,1.7046732223166137,0.12294120809162844,Male,Female
211,TAG(57:10/FA22:6)+NH4,2.772540292123198,0.09964287180300971,Male,Female
212,TAG(57:2/FA18:1)+NH4,1.5202103918195131,0.4645634929524365,Male,Female
213,TAG(58:10/FA20:4)+NH4,1.2267246815160993,0.439561783457167,Male,Female
214,TAG(58:10/FA22:6)+NH4,1.14726502719792,0.6591559920496601,Male,Female
215,TAG(58:6/FA22:4)+NH4,0.7550597269489704,0.6692722204200269,Male,Female
216,TAG(58:6/FA22:5)+NH4,1.7666146651311234,0.3189085169298367,Male,Female
217,TAG(58:7/FA20:4)+NH4,1.026063975855207,0.9448508411201345,Male,Female
218,TAG(58:7/FA22:6)+NH4,1.3551914010774053,0.2722767934739936,Male,Female
219,TAG(58:8/FA18:1)+NH4,0.9436658305536528,0.870490298196027,Male,Female
220,TAG(58:8/FA20:4)+NH4,0.938594895467913,0.8707610452099517,Male,Female
221,TAG(58:8/FA22:5)+NH4,1.170367320264005,0.7421385222566912,Male,Female
222,TAG(58:8/FA22:6)+NH4,1.2503165422386688,0.5046944766039891,Male,Female
223,TAG(58:9/FA20:4)+NH4,1.1436316168157592,0.7117315871090756,Male,Female
224,TAG(58:9/FA22:6)+NH4,1.3870703115723628,0.2660483892784226,Male,Female
225,TAG(60:10/FA22:5)+NH4,1.582174685421696,0.2675759019404389,Male,Female
226,TAG(60:10/FA22:6)+NH4,1.4619502175338448,0.25392580868978193,Male,Female
227,TAG(60:11/FA22:5)+NH4,1.6249329932632839,0.0791877362808255,Male,Female
228,TAG(60:11/FA22:6)+NH4,1.3750813801770698,0.21296412512621468,Male,Female
229,TAG(60:12/FA22:6)+NH4,1.1304597949985296,0.7278227143912176,Male,Female
230,DAG(14:0/18:1)+NH4,1.1867677757302078,0.7005044263870452,Male,Female
231,DAG(14:0/18:2)+NH4,1.2063645012097008,0.5652174996209597,Male,Female
232,DAG(16:0/18:0)+NH4,0.6783176834057947,0.4486848320240331,Male,Female
233,DAG(16:0/18:1)+NH4,0.9136840223424274,0.8168369901642463,Male,Female
234,DAG(16:1/18:1)+NH4,1.1441484250496077,0.6106198415555311,Male,Female
235,DAG(16:0/18:2)+NH4,1.1336522135941813,0.7233621918445837,Male,Female
236,DAG(16:1/18:2)+NH4,0.948780594892498,0.8656835479319255,Male,Female
237,DAG(14:0/20:4)+NH4,0.9912724796810997,0.9822588774226746,Male,Female
238,DAG(16:1/20:0)+NH4,1.0030030024575298,0.9945507742579667,Male,Female
239,DAG(18:0/18:1)+NH4,0.9937539926834938,0.9860223850290009,Male,Female
240,DAG(18:1/18:1)+NH4,1.347987376872091,0.3259841928268761,Male,Female
241,DAG(16:0/20:3)+NH4,1.0647404957612816,0.839014322253107,Male,Female
242,DAG(16:0/20:4)+NH4,1.1721958336327831,0.7053072276791033,Male,Female
243,DAG(16:1/20:4)+NH4,0.7737927650978117,0.4657576994254583,Male,Female
244,DAG(16:0/20:5)+NH4,1.4347649019391429,0.3080886403616002,Male,Female
245,DAG(18:1/20:1)+NH4,1.3614424836698864,0.3748681886348705,Male,Female
246,DAG(18:1/20:3)+NH4,1.0454648276458063,0.8848934610279808,Male,Female
247,DAG(18:1/20:4)+NH4,1.0078918152702194,0.983708600757221,Male,Female
248,DAG(16:0/22:5)+NH4,1.454503193095246,0.22788133362109964,Male,Female
249,DAG(18:2/20:4)+NH4,1.062345388551046,0.8658537082321619,Male,Female
250,DAG(18:1/20:5)+NH4,1.0595693076098236,,Male,Female
251,DAG(16:0/22:6)+NH4,1.038144796080401,0.9082095903427744,Male,Female
252,DAG(16:1/22:6)+NH4,1.070281254132036,0.8046983927271503,Male,Female
253,DAG(18:1/22:4)+NH4,1.1110854596869852,0.7949712824122037,Male,Female
254,DAG(18:1/22:5)+NH4,1.2174371391102965,0.6364834578547913,Male,Female
255,DAG(18:0/22:6)+NH4,0.9921016565844898,0.9819124512820964,Male,Female
256,DAG(18:1/22:6)+NH4,1.3859871201520542,0.3283573585957569,Male,Female
257,DAG(18:2/22:6)+NH4,1.328712567281102,0.4687276182186241,Male,Female
258,MAG(16:0)+NH4,0.6932109918671434,0.5147124558974705,Male,Female
259,MAG(16:1)+NH4,0.818973853930207,0.616381305490878,Male,Female
260,MAG(18:0)+NH4,1.0277280009445073,0.9412913768534574,Male,Female
261,MAG(18:1)+NH4,1.0555321428211055,0.8692103355337819,Male,Female
262,MAG(18:2)+NH4,1.0543472683574002,0.8694032797309599,Male,Female
263,MAG(20:0)+NH4,0.8919363186152239,0.7914539985237119,Male,Female
264,MAG(20:1)+NH4,0.8788504973427074,0.7738355819629361,Male,Female
265,MAG(20:2)+NH4,0.9548936549052933,0.8942588268715312,Male,Female
266,MAG(20:3)+NH4,1.031759475563719,0.9362355142522061,Male,Female
267,MAG(20:4)+NH4,1.0407525694674102,0.9062300286939737,Male,Female
268,MAG(22:0)+NH4,0.7459628293773874,0.5230086483017806,Male,Female
269,MAG(22:1)+NH4,0.7868881330349655,0.5724393267750085,Male,Female
270,MAG(22:2)+NH4,0.9368155834473162,0.865736209697427,Male,Female
271,MAG(22:3)+NH4,0.7308625110494794,0.5398017116783063,Male,Female
272,MAG(22:4)+NH4,0.9018475211279574,0.7731269059673723,Male,Female
273,MAG(22:5)+NH4,0.8156455204163141,0.6799195396882584,Male,Female
274,MAG(22:6)+NH4,1.121039811010582,0.750041051596789,Male,Female
275,LPC(14:0)+AcO,0.997490818092289,0.9954758041874929,Male,Female
276,LPC(16:0)+AcO,0.978969887780399,0.7963318872664271,Male,Female
277,LPC(16:1)+AcO,0.5772704065310225,0.014722376148901291,Male,Female
278,LPC(18:0)+AcO,0.6765373765381331,0.3387104788126907,Male,Female
279,LPC(18:1)+AcO,1.0011815616404252,0.9856239617553957,Male,Female
280,LPC(18:2)+AcO,1.1267451493880838,0.23801393599161724,Male,Female
281,LPC(18:3)+AcO,1.002105568354052,0.9908771009967533,Male,Female
282,LPC(20:0)+AcO,1.190653702553418,0.06929989695262555,Male,Female
283,LPC(20:1)+AcO,1.0141146466860838,0.8759483537685764,Male,Female
284,LPC(20:2)+AcO,0.932818683559373,0.498952678531535,Male,Female
285,LPC(20:3)+AcO,0.9835506454800166,0.8636360896018664,Male,Female
286,LPC(20:4)+AcO,0.8323670263509989,0.1698697572774949,Male,Female
287,LPC(20:5)+AcO,1.1630815844296336,0.34129909391402224,Male,Female
288,LPC(22:4)+AcO,0.8408221175383125,0.2825415549685245,Male,Female
289,LPC(22:5)+AcO,0.854261220789999,0.14025195898416495,Male,Female
290,LPC(22:6)+AcO,0.8750302898975588,0.19571719446956748,Male,Female
291,PC(14:0/14:0)+AcO,0.9439166528053716,0.8630494327372227,Male,Female
292,PC(14:0/18:1)+AcO,1.1807771275892869,0.5413841784360873,Male,Female
293,PC(14:0/20:4)+AcO,1.1898577686472789,0.4782694771752044,Male,Female
294,PC(16:0/14:0)+AcO,0.8905296651894188,0.42596626940759474,Male,Female
295,PC(16:0/16:0)+AcO,0.9808500091702028,0.8889741274509317,Male,Female
296,PC(16:0/16:1)+AcO,0.9310916495995285,0.461930371083097,Male,Female
297,PC(16:0/18:0)+AcO,1.0962613445844296,0.4630090334997772,Male,Female
298,PC(16:0/18:1)+AcO,1.022377054416995,0.8196735607801016,Male,Female
299,PC(16:0/18:2)+AcO,0.9862480961946959,0.8874991389931548,Male,Female
300,PC(16:0/18:3)+AcO,0.9779599708711699,0.8507245129737424,Male,Female
301,PC(16:0/20:1)+AcO,1.0091852062564584,0.9388451828046355,Male,Female
302,PC(16:0/20:2)+AcO,0.9417845814897009,0.6293511324401827,Male,Female
303,PC(16:0/20:3)+AcO,1.0507818595123541,0.6207975424621972,Male,Female
304,PC(16:0/20:4)+AcO,0.9543774227299231,0.6669802390319468,Male,Female
305,PC(16:0/22:4)+AcO,0.9235486802643968,0.4448928041801372,Male,Female
306,PC(16:0/22:5)+AcO,0.9184588308377892,0.48926724331680005,Male,Female
307,PC(16:1/18:1)+AcO,1.1870161605963254,0.48816900076799563,Male,Female
308,PC(16:1/18:2)+AcO,0.8862526475751072,0.5457443647648077,Male,Female
309,PC(16:0/22:6)+AcO,0.9545550872406519,0.7012009640846673,Male,Female
310,PC(18:0/14:0)+AcO,0.949045957883293,0.7646529438079741,Male,Female
311,PC(18:0/16:1)+AcO,0.9638072562723844,0.6920793399429594,Male,Female
312,PC(18:0/18:0)+AcO,1.1947738652565465,0.30410915240366987,Male,Female
313,PC(18:0/18:1)+AcO,1.0993372629053657,0.49128691371402733,Male,Female
314,PC(18:0/18:2)+AcO,0.9966631154339833,0.9758015086506563,Male,Female
315,PC(18:0/20:1)+AcO,1.002486253592706,0.992701351472134,Male,Female
316,PC(18:0/20:3)+AcO,1.2312427084466657,0.04753405072172214,Male,Female
317,PC(18:0/20:4)+AcO,1.0201319871902321,0.8702344836259551,Male,Female
318,PC(18:1/16:1)+AcO,1.1078204910353453,0.6646933204682072,Male,Female
319,PC(18:1/18:1)+AcO,1.1152093836132744,0.2875941998828475,Male,Female
320,PC(18:1/18:2)+AcO,1.0846439366202525,0.43282935331082106,Male,Female
321,PC(18:1/20:1)+AcO,1.008997570884758,0.9467014240231726,Male,Female
322,PC(18:1/20:2)+AcO,1.1870381463960413,0.2560741638632161,Male,Female
323,PC(18:1/20:3)+AcO,1.043373692355879,0.6761943422125447,Male,Female
324,PC(18:1/20:4)+AcO,0.9470197407809053,0.6667161009284952,Male,Female
325,PC(18:2/16:1)+AcO,1.164271852946533,0.47521596454957604,Male,Female
326,PC(18:2/18:2)+AcO,1.1691085031670385,0.18586527902243158,Male,Female
327,PC(18:2/20:4)+AcO,0.9061185402614425,0.4276306137586129,Male,Female
328,LPE(14:0)-H,0.7618775743028058,0.46846644948806804,Male,Female
329,LPE(16:0)-H,0.9378854802015263,0.49358137641749267,Male,Female
330,LPE(16:1)-H,0.5164279846139885,0.30521684865527704,Male,Female
331,LPE(18:0)-H,0.9713715161578818,0.758802117037094,Male,Female
332,LPE(18:1)-H,0.8938088785671074,0.5031990905056216,Male,Female
333,LPE(18:2)-H,0.7153208913041633,0.30170157047083207,Male,Female
334,LPE(18:3)-H,0.9258766163630235,0.4592853545015366,Male,Female
335,LPE(20:0)-H,1.1173986930337552,0.7485758527963844,Male,Female
336,LPE(20:1)-H,1.0408898502819948,0.9106580121152414,Male,Female
337,LPE(20:2)-H,0.7968533384117814,0.5511340423203828,Male,Female
338,LPE(20:3)-H,0.8403043639710615,0.6309574228729966,Male,Female
339,LPE(20:4)-H,0.9224153602290361,0.7613931305480102,Male,Female
340,LPE(20:5)-H,0.8702279935814192,0.5709508022050107,Male,Female
341,LPE(22:4)-H,0.8861612741208198,0.6992099484943659,Male,Female
342,LPE(22:5)-H,0.7156453307249196,0.3393275032942914,Male,Female
343,LPE(22:6)-H,0.8149048250285178,0.5444793846168352,Male,Female
344,PE(14:0/14:0)-H,0.5953149253526377,0.32143469247916295,Male,Female
345,PE(14:0/18:1)-H,0.7413993667433347,0.017411962045809918,Male,Female
346,PE(14:0/18:2)-H,0.619043340335282,0.03321167991517468,Male,Female
347,PE(14:0/20:4)-H,0.807093063218161,0.10302481474761743,Male,Female
348,PE(14:0/22:4)-H,0.7111519427842792,0.0959655017954822,Male,Female
349,PE(14:0/22:5)-H,0.8548009643733461,0.6175466767808726,Male,Female
350,PE(14:0/22:6)-H,1.028414827624979,0.8432740960381343,Male,Female
351,PE(16:0/16:0)-H,0.7416549896860533,0.03984181302700295,Male,Female
352,PE(16:0/16:1)-H,0.7665437652397293,0.01616517078078306,Male,Female
353,PE(16:0/18:1)-H,0.9380048159926544,0.3932193423692877,Male,Female
354,PE(16:0/18:2)-H,1.0100879166273193,0.8892897072868757,Male,Female
355,PE(16:0/18:3)-H,1.1185715902253823,0.4907498232868238,Male,Female
356,PE(16:0/20:1)-H,0.9320791911040697,0.5202910931111593,Male,Female
357,PE(16:0/20:2)-H,0.816254751784476,0.029654261981219877,Male,Female
358,PE(16:0/20:3)-H,0.865963068762956,0.07754580417505418,Male,Female
359,PE(16:0/20:4)-H,0.8065941971517083,0.020900940419456646,Male,Female
360,PE(16:0/20:5)-H,0.9270281329327732,0.6253784147048659,Male,Female
361,PE(16:0/22:4)-H,0.8455262833288556,0.06930143883394338,Male,Female
362,PE(16:0/22:5)-H,0.80688447139103,0.03530256691831808,Male,Female
363,PE(16:0/22:6)-H,0.8477639106064828,0.13312181572360993,Male,Female
364,PE(18:0/16:1)-H,0.6683238215862289,0.01406931565009844,Male,Female
365,PE(18:0/18:0)-H,0.8443213127828547,0.13425904074579206,Male,Female
366,PE(18:0/18:1)-H,0.8687896944053666,0.13103009357662754,Male,Female
367,PE(18:0/18:2)-H,0.9025071517584178,0.39335366199658284,Male,Female
368,PE(18:0/18:3)-H,0.8663402662135699,0.29783695584561337,Male,Female
369,PE(18:0/20:1)-H,0.7323256431277925,0.02552008135425538,Male,Female
370,PE(18:0/20:2)-H,1.0439010272580815,0.6816126448209168,Male,Female
371,PE(18:0/20:3)-H,0.8427222382018243,0.28848987689421146,Male,Female
372,PE(18:0/20:4)-H,0.8339011726582095,0.04766685684573694,Male,Female
373,PE(18:0/20:5)-H,0.763805755959059,0.07377465319076075,Male,Female
374,PE(18:0/22:4)-H,0.8769543266105961,0.3735333985495566,Male,Female
375,PE(18:0/22:5)-H,0.8902702708417487,0.305201112617665,Male,Female
376,PE(18:0/22:6)-H,0.7576411451952683,0.01236977976958122,Male,Female
377,PE(18:1/16:1)-H,0.9631338327035758,0.6477287508295467,Male,Female
378,PE(18:1/18:1)-H,0.8851002818999962,0.1198451692627617,Male,Female
379,PE(18:1/18:2)-H,0.903839064480001,0.2780085324043882,Male,Female
380,PE(18:1/18:3)-H,1.04550530479844,0.7202385323590323,Male,Female
381,PE(18:1/20:1)-H,0.9278676260734988,0.4379610868944075,Male,Female
382,PE(18:1/20:2)-H,1.0016183427561736,0.9846062768490382,Male,Female
383,PE(18:1/20:3)-H,0.8865512535063705,0.26344438967300343,Male,Female
384,PE(18:1/20:4)-H,0.7873116196774745,0.036590217197089527,Male,Female
385,PE(18:1/20:5)-H,0.9665548157224116,0.821195917901214,Male,Female
386,PE(18:1/22:4)-H,0.7878025412821017,0.026271913967447547,Male,Female
387,PE(18:1/22:5)-H,0.7838966122204989,0.02081608223028599,Male,Female
388,PE(18:1/22:6)-H,0.8666101804669722,0.19306083382171105,Male,Female
389,PE(18:2/16:1)-H,0.8819865883855358,0.2812274746166186,Male,Female
390,PE(18:2/18:2)-H,0.8347382469153668,0.11393094138222064,Male,Female
391,PE(18:2/20:1)-H,0.9431536167722295,0.6598980963486192,Male,Female
392,PE(18:2/20:3)-H,0.8868409623130035,0.4293470274773089,Male,Female
393,PE(18:2/20:4)-H,0.7932418739314613,0.043004211688283646,Male,Female
394,PE(18:2/20:5)-H,0.9012088742314018,0.5863208360309426,Male,Female
395,PE(18:2/22:6)-H,0.9369640687725409,0.6750685237367786,Male,Female
396,PE(O-16:0/16:0)-H,1.058116392446756,0.8242718613223904,Male,Female
397,PE(O-16:0/16:1)-H,0.8850802087205079,0.5164364038917761,Male,Female
398,PE(O-16:0/18:0)-H,0.7625873302335661,0.5438908469431708,Male,Female
399,PE(O-16:0/18:1)-H,0.951947408231027,0.6260267006509178,Male,Female
400,PE(O-16:0/18:2)-H,0.7331632474947146,0.10757240012320136,Male,Female
401,PE(O-16:0/20:1)-H,1.0004813056273054,0.9980973966787846,Male,Female
402,PE(O-16:0/20:3)-H,1.0291445094071965,0.8795963405946018,Male,Female
403,PE(O-16:0/20:4)-H,0.8817305406643144,0.23759649194879795,Male,Female
404,PE(O-16:0/20:5)-H,0.8335638852267506,0.1362775487900715,Male,Female
405,PE(O-16:0/22:4)-H,0.8767156552357779,0.4896136912191945,Male,Female
406,PE(O-16:0/22:6)-H,0.7659966464205336,0.030941623280034247,Male,Female
407,PE(O-18:0/16:0)-H,0.6948781004424214,0.008977106280689092,Male,Female
408,PE(O-18:0/16:1)-H,0.8489132414263123,0.25384257805208504,Male,Female
409,PE(O-18:0/20:4)-H,0.864700597596749,0.3316350998578499,Male,Female
410,PE(O-18:0/20:5)-H,0.7672266814341642,0.06297254789635198,Male,Female
411,PE(O-18:0/22:4)-H,0.811533492940757,0.16514330186647103,Male,Female
412,PE(P-14:0/18:0)-H,0.6403549450986439,0.09479769299525814,Male,Female
413,PE(P-16:0/16:1)-H,0.7996768315862077,0.12308417927390777,Male,Female
414,PE(P-16:0/18:0)-H,0.552502088293892,0.008831264014608708,Male,Female
415,PE(P-16:0/18:1)-H,0.7667291780914142,0.14211529470135342,Male,Female
416,PE(P-16:0/18:2)-H,0.7852102803467828,0.06811509304820001,Male,Female
417,PE(P-16:0/18:3)-H,0.7340438754954298,0.14374847469575286,Male,Female
418,PE(P-16:0/20:1)-H,0.738061025495454,0.2985151669390344,Male,Female
419,PE(P-16:0/20:2)-H,0.8077157552414668,0.0710510798726159,Male,Female
420,PE(P-16:0/20:3)-H,0.8669212576276093,0.1817970833531327,Male,Female
421,PE(P-16:0/20:4)-H,0.8217742030037125,0.07077183192072314,Male,Female
422,PE(P-16:0/20:5)-H,0.9590905474153607,0.8158758227532041,Male,Female
423,PE(P-16:0/22:4)-H,0.8302121651806668,0.07159605863404772,Male,Female
424,PE(P-16:0/22:5)-H,0.8390981300751337,0.072851942417975,Male,Female
425,PE(P-16:0/22:6)-H,0.8768274232033323,0.22291725884348768,Male,Female
426,PE(P-16:1/18:1)-H,0.9267508617672288,0.6032705760417172,Male,Female
427,PE(P-18:0/16:0)-H,0.9667574759277103,0.8084670783952651,Male,Female
428,PE(P-18:0/16:1)-H,0.81768735582554,0.12567669375203652,Male,Female
429,PE(P-18:0/18:1)-H,0.9292295899574604,0.6038829969556947,Male,Female
430,PE(P-18:0/18:2)-H,0.9251319093974331,0.563248493345635,Male,Female
431,PE(P-18:0/20:1)-H,0.9279360253438308,0.7956797130093021,Male,Female
432,PE(P-18:0/20:2)-H,0.8542583597747491,0.3600406816340861,Male,Female
433,PE(P-18:0/20:3)-H,0.8081623402588903,0.07228480295464644,Male,Female
434,PE(P-18:0/20:4)-H,0.8091024069999986,0.08373887211355492,Male,Female
435,PE(P-18:0/20:5)-H,0.8552661318181789,0.26687318273133465,Male,Female
436,PE(P-18:0/22:4)-H,0.7963453706553184,0.12647603247216258,Male,Female
437,PE(P-18:0/22:5)-H,0.7499856559591427,0.01402004345045829,Male,Female
438,PE(P-18:0/22:6)-H,0.7802697429279798,0.05237626358409088,Male,Female
439,PE(P-18:1/16:0)-H,0.8976881964040808,0.28284870563194603,Male,Female
440,PE(P-18:1/16:1)-H,0.8562184047425908,0.17442908214182146,Male,Female
441,PE(P-18:1/18:0)-H,0.9024591368990361,0.4622015634284432,Male,Female
442,PE(P-18:1/18:1)-H,0.8362898567821592,0.18628649687649373,Male,Female
443,PE(P-18:1/18:2)-H,0.8390902919427028,0.11526736041855283,Male,Female
444,PE(P-18:1/20:1)-H,0.8450825326275424,0.3572826372485344,Male,Female
445,PE(P-18:1/20:2)-H,0.8325313726766166,0.11704071519740016,Male,Female
446,PE(P-18:1/20:3)-H,0.858484115630012,0.19707601817430273,Male,Female
447,PE(P-18:1/20:4)-H,0.8292087666921013,0.17150716120374387,Male,Female
448,PE(P-18:1/20:5)-H,0.9214789078168876,0.6218573387880233,Male,Female
449,PE(P-18:1/22:4)-H,0.8049175524239925,0.15946324535328588,Male,Female
450,PE(P-18:1/22:5)-H,0.8563868547798651,0.2209728907075133,Male,Female
451,PE(P-18:1/22:6)-H,0.8436176647757497,0.20881958784111446,Male,Female
452,PE(P-18:2/18:2)-H,0.7381755924686165,0.0946033536851634,Male,Female
453,PE(P-18:2/20:4)-H,0.8861021391563152,0.3036291247781495,Male,Female
454,PE(P-18:2/22:6)-H,0.8872868200430012,0.3845822480426693,Male,Female
455,LPG(16:0)-H,0.9133152876316881,0.3962075346522197,Male,Female
456,LPG(18:0)-H,0.96534270699147,0.8161798830742895,Male,Female
457,PG(14:0/14:0)-H,1.0781648555249839,0.5838015653484795,Male,Female
458,PG(14:1/14:1)-H,1.1186142317220034,0.5731487952720085,Male,Female
459,PG(14:0/18:1)-H,0.9241092280958029,0.4798246024806999,Male,Female
460,PG(14:0/18:2)-H,0.8580488615118704,0.221012346808519,Male,Female
461,PG(14:0/18:3)-H,1.2299316179005149,0.5262979354539266,Male,Female
462,PG(14:0/20:1)-H,1.0467969777346604,0.7869641729280438,Male,Female
463,PG(14:0/20:2)-H,0.8899195792894112,0.2626227925122109,Male,Female
464,PG(14:0/20:3)-H,1.1818764622451077,0.19757914621436926,Male,Female
465,PG(14:0/20:4)-H,1.0214490498549704,0.7876180683107012,Male,Female
466,PG(14:0/22:4)-H,0.9054465679987324,0.4604997990241262,Male,Female
467,PG(14:0/22:5)-H,1.213112264354896,0.21325172649050328,Male,Female
468,PG(14:0/22:6)-H,1.0345429404915136,0.7790861522659404,Male,Female
469,PG(16:0/14:0)-H,0.9634346814088187,0.7811658285232571,Male,Female
470,PG(16:0/16:0)-H,0.9071621081483434,0.47963197941849833,Male,Female
471,PG(16:0/16:1)-H,0.9105044841651677,0.27819353923956874,Male,Female
472,PG(16:0/18:0)-H,1.0092455517891772,0.9040345826987181,Male,Female
473,PG(16:0/18:1)-H,0.9738107030274675,0.6809747872990928,Male,Female
474,PG(16:0/18:2)-H,0.9914982118261845,0.9104567920268323,Male,Female
475,PG(16:0/18:3)-H,0.959154991170454,0.642484325038799,Male,Female
476,PG(16:0/20:1)-H,1.039338043157862,0.7168627480811637,Male,Female
477,PG(16:0/20:2)-H,1.0116942524865689,0.9119371325915486,Male,Female
478,PG(16:0/20:3)-H,0.9782987262740417,0.7904945814760429,Male,Female
479,PG(16:0/20:4)-H,0.8871046768533681,0.16875363020657735,Male,Female
480,PG(16:0/20:5)-H,0.9895167433917363,0.9043894414846426,Male,Female
481,PG(16:0/22:4)-H,0.8790047580350558,0.08269622528405486,Male,Female
482,PG(16:0/22:5)-H,0.9132999490759428,0.3138399053961384,Male,Female
483,PG(16:0/22:6)-H,0.9324996174640454,0.4331345078961969,Male,Female
484,PG(18:0/14:0)-H,0.8805175851840032,0.38817005384465153,Male,Female
485,PG(18:0/16:1)-H,1.0598906232763665,0.6096963012505945,Male,Female
486,PG(18:0/18:0)-H,1.0393354737038678,0.70919902912804,Male,Female
487,PG(18:0/18:1)-H,0.999251030345386,0.992745135956554,Male,Female
488,PG(18:0/18:2)-H,1.0798904497316852,0.4874853265212913,Male,Female
489,PG(18:0/18:3)-H,0.9672857110566985,0.6676400762887565,Male,Female
490,PG(18:0/20:0)-H,0.9435297580699188,0.5301787190990692,Male,Female
491,PG(18:0/20:1)-H,0.9551268618413853,0.7489263828087194,Male,Female
492,PG(18:0/20:2)-H,0.9632092707907675,0.7715156847984124,Male,Female
493,PG(18:0/20:3)-H,0.9885701821514752,0.8843778683276715,Male,Female
494,PG(18:0/20:4)-H,0.9765964317286221,0.7530704409470068,Male,Female
495,PG(18:0/20:5)-H,1.0035490533508784,0.9678196048382839,Male,Female
496,PG(18:0/22:4)-H,0.9546106785295984,0.6222705041363119,Male,Female
497,PG(18:0/22:5)-H,0.9861611972955495,0.9015371571872605,Male,Female
498,PG(18:0/22:6)-H,1.0019621756532207,0.9843480751745918,Male,Female
499,PG(18:1/16:1)-H,0.9660547263535282,0.5658038408871845,Male,Female
500,PG(18:1/18:1)-H,0.9754255453757072,0.7019281685560428,Male,Female
501,PG(18:1/18:2)-H,1.0019627312220905,0.9853343569294585,Male,Female
502,PG(18:1/18:3)-H,0.9298440945056773,0.37222536766644465,Male,Female
503,PG(18:1/20:1)-H,1.0140948568691237,0.8816734779967006,Male,Female
504,PG(18:1/20:2)-H,0.9328839364895274,0.5142218262366676,Male,Female
505,PG(18:1/20:3)-H,0.9901001173756205,0.8900644491165511,Male,Female
506,PG(18:1/20:4)-H,0.9597925708278745,0.5981049184459355,Male,Female
507,PG(18:1/20:5)-H,0.9597769877465419,0.6592593641682156,Male,Female
508,PG(18:1/22:4)-H,0.9672551875734972,0.7124310601948551,Male,Female
509,PG(18:1/22:5)-H,0.985352334789445,0.870303995937166,Male,Female
510,PG(18:1/22:6)-H,1.0575805709392991,0.568361388987155,Male,Female
511,PG(18:2/16:1)-H,0.9358756343607044,0.3976265005881473,Male,Female
512,PG(18:2/18:2)-H,0.9648916652913451,0.7338986308387458,Male,Female
513,PG(18:2/18:3)-H,0.8864112887879135,0.3827251630925994,Male,Female
514,PG(18:2/20:1)-H,1.036970516363728,0.6947327263201405,Male,Female
515,PG(18:2/20:2)-H,1.0179848898900274,0.8963272370487845,Male,Female
516,PG(18:2/20:3)-H,0.9374583988899612,0.4586328581248157,Male,Female
517,PG(18:2/20:4)-H,0.8824945134630681,0.20516400048766414,Male,Female
518,PG(18:2/20:5)-H,1.188229963038754,0.2466329378483761,Male,Female
519,PG(18:2/22:4)-H,1.0355437538924148,0.7075640909828892,Male,Female
520,PG(18:2/22:5)-H,1.0154863214100733,0.8529187286479241,Male,Female
521,PG(18:2/22:6)-H,0.9790055112759635,0.8170278620706337,Male,Female
522,PG(20:0/16:1)-H,1.0417704515436557,0.7964719543678132,Male,Female
523,PG(20:0/18:1)-H,0.9319401932347045,0.7120754187436876,Male,Female
524,PG(20:0/18:2)-H,0.8844076191610797,0.5904492615149688,Male,Female
525,PG(20:0/20:4)-H,0.7398348500913001,0.107850227702938,Male,Female
526,LPI(16:0)-H,0.9263806883166688,0.7209662592043482,Male,Female
527,LPI(16:1)-H,0.9659076079898173,0.8369191997112517,Male,Female
528,LPI(18:0)-H,0.9387576614629525,0.6902786529642866,Male,Female
529,LPI(18:1)-H,0.9558393075672463,0.7644984033400252,Male,Female
530,LPI(18:2)-H,1.0660554399622517,0.6770663319852352,Male,Female
531,LPI(20:0)-H,0.8802378550561083,0.44574296676932623,Male,Female
532,LPI(20:1)-H,1.026781317638776,0.8442395817288622,Male,Female
533,LPI(20:2)-H,0.9714221422016237,0.8389585732969587,Male,Female
534,LPI(20:3)-H,0.9764598074891483,0.8613009350069494,Male,Female
535,LPI(20:4)-H,0.9806963039229207,0.9165554931013374,Male,Female
536,LPI(22:4)-H,1.0002447390976354,0.9989190602533351,Male,Female
537,PI(14:0/18:1)-H,0.9435670273757221,0.6532525025112901,Male,Female
538,PI(14:0/20:1)-H,0.9809206322229577,0.8348894318788354,Male,Female
539,PI(14:0/20:4)-H,0.9407729191804535,0.5856642450238347,Male,Female
540,PI(16:0/16:0)-H,0.8483647147147286,0.06886845649861112,Male,Female
541,PI(16:0/16:1)-H,0.9721763249553401,0.7236388384245525,Male,Female
542,PI(16:0/18:0)-H,0.8992868257116383,0.1850360471996464,Male,Female
543,PI(16:0/18:1)-H,0.9356789383859833,0.3357249727546576,Male,Female
544,PI(16:0/18:2)-H,0.9480491047069537,0.5200778139930307,Male,Female
545,PI(16:0/18:3)-H,0.9581713575382854,0.7030903623184582,Male,Female
546,PI(16:0/20:1)-H,0.9742828008031256,0.7992178997756763,Male,Female
547,PI(16:0/20:2)-H,0.934274789567546,0.3708487745511223,Male,Female
548,PI(16:0/20:3)-H,0.9612906375656186,0.5767925527358553,Male,Female
549,PI(16:0/20:4)-H,0.8912186202647945,0.19805327188275915,Male,Female
550,PI(16:0/20:5)-H,1.0733957597754347,0.5730250891322551,Male,Female
551,PI(16:0/22:4)-H,0.8935422383142629,0.23475750596104225,Male,Female
552,PI(16:0/22:5)-H,0.9287480300544354,0.410409796344437,Male,Female
553,PI(16:0/22:6)-H,0.9168608868063032,0.533853493234518,Male,Female
554,PI(18:0/16:1)-H,1.0207366847337807,0.8345162753279468,Male,Female
555,PI(18:0/18:0)-H,0.906225610708247,0.14763403532121552,Male,Female
556,PI(18:0/18:1)-H,1.0376348301587668,0.733699411308207,Male,Female
557,PI(18:0/18:2)-H,1.0139641721137145,0.861858765751867,Male,Female
558,PI(18:0/18:3)-H,0.9221729312087958,0.4679147281374977,Male,Female
559,PI(18:0/20:1)-H,1.0821570936550917,0.6888596957324022,Male,Female
560,PI(18:0/20:2)-H,0.9534791280011362,0.6139734672655679,Male,Female
561,PI(18:0/20:3)-H,0.9307206746150496,0.2882607946949615,Male,Female
562,PI(18:0/20:4)-H,0.9121547355274898,0.24051521427853892,Male,Female
563,PI(18:0/20:5)-H,0.9503523178278053,0.5222832966729911,Male,Female
564,PI(18:0/22:4)-H,0.9373847351391594,0.4209992813277583,Male,Female
565,PI(18:0/22:5)-H,0.9109688872971539,0.33882765441244467,Male,Female
566,PI(18:0/22:6)-H,0.9374706004063912,0.5196690485011956,Male,Female
567,PI(18:1/16:1)-H,0.9087726371462203,0.3201266533166963,Male,Female
568,PI(18:1/18:1)-H,0.9578716147042912,0.5118574144145205,Male,Female
569,PI(18:1/18:2)-H,1.0436477000572533,0.5982496336798592,Male,Female
570,PI(18:1/18:3)-H,0.9098579531266149,0.5100058492018442,Male,Female
571,PI(18:1/20:1)-H,0.9999651515870589,0.9997362340588015,Male,Female
572,PI(18:1/20:2)-H,1.00737046888398,0.9196238660029722,Male,Female
573,PI(18:1/20:3)-H,0.9484851977081,0.5253099576971995,Male,Female
574,PI(18:1/20:4)-H,0.9146790078329783,0.3232543451394617,Male,Female
575,PI(18:1/20:5)-H,0.9751462799508251,0.831335428582832,Male,Female
576,PI(18:1/22:4)-H,0.9142742628489177,0.3050363755473115,Male,Female
577,PI(18:1/22:5)-H,0.9063660493685044,0.303170939890376,Male,Female
578,PI(18:1/22:6)-H,0.9295569691352938,0.5155919208983719,Male,Female
579,PI(18:2/16:1)-H,0.8410788450071774,0.17146156130538195,Male,Female
580,PI(18:2/18:2)-H,0.8751943343144812,0.16300637501675602,Male,Female
581,PI(18:2/20:3)-H,0.8949439724413683,0.393812813839045,Male,Female
582,PI(18:2/20:4)-H,0.8621547377963736,0.21777164846065017,Male,Female
583,PI(18:2/22:4)-H,0.7747188177990626,0.04682708588637144,Male,Female
584,PI(18:2/22:6)-H,0.9888806901602093,0.9442183704023202,Male,Female
585,PI(20:0/16:1)-H,0.47013363996045476,,Male,Female
586,PI(20:0/18:1)-H,0.9065276395434574,0.5015348091556957,Male,Female
587,PI(20:0/20:4)-H,1.0410589198972202,0.6301252116180085,Male,Female
588,PI(20:0/22:6)-H,0.7606742888931896,0.05198732470568245,Male,Female
589,LPS(18:0)-H,0.5812418113016127,0.3192804186186167,Male,Female
590,LPS(18:1)-H,0.792887678266617,0.6156568379456107,Male,Female
591,LPS(20:0)-H,0.5480620590670282,0.32194912745204196,Male,Female
592,PS(14:0/20:1)-H,0.8752901075311506,0.4272809722763937,Male,Female
593,PS(14:0/20:4)-H,0.9880296159749722,0.9653742622769131,Male,Female
594,PS(16:0/18:0)-H,1.0632435675336602,0.6937701167010482,Male,Female
595,PS(16:0/20:1)-H,1.0494444685221012,0.7553706335554998,Male,Female
596,PS(16:0/20:4)-H,0.8983084978824928,0.4788616039768743,Male,Female
597,PS(16:0/20:5)-H,0.9534038121927607,0.7671879114694578,Male,Female
598,PS(16:0/22:4)-H,0.7015033623988618,0.11207138496387781,Male,Female
599,PS(16:0/22:5)-H,1.092359822493289,0.6404657360499331,Male,Female
600,PS(16:0/22:6)-H,1.1145917911210699,0.4844983579156934,Male,Female
601,PS(18:0/14:0)-H,1.0718803849004244,0.6966458005102655,Male,Female
602,PS(18:0/16:1)-H,0.9778601857096375,0.8906373079265686,Male,Female
603,PS(18:0/18:0)-H,0.9193818962953354,0.6081534326777078,Male,Female
604,PS(18:0/18:1)-H,0.9381300855875443,0.6645589855517149,Male,Female
605,PS(18:0/18:2)-H,0.9656016098165512,0.8071069004003546,Male,Female
606,PS(18:0/18:3)-H,1.0962408960424839,0.4874616322887285,Male,Female
607,PS(18:0/20:0)-H,0.9108150210565479,0.46819842466841544,Male,Female
608,PS(18:0/20:1)-H,1.0491171650651683,0.7533542542475847,Male,Female
609,PS(18:0/20:2)-H,0.9644744729810514,0.7675761495533789,Male,Female
610,PS(18:0/20:3)-H,1.1449397032108104,0.3384195147946243,Male,Female
611,PS(18:0/20:4)-H,1.1254737733275657,0.3649961650874618,Male,Female
612,PS(18:0/20:5)-H,1.5617998359917733,0.01480744258027433,Male,Female
613,PS(18:0/22:4)-H,1.0969579269928247,0.490954167188028,Male,Female
614,PS(18:0/22:5)-H,1.0458559765226199,0.7594886438587987,Male,Female
615,PS(18:0/22:6)-H,1.0823300986843116,0.5098653743501559,Male,Female
616,PS(18:1/16:1)-H,0.7832798432271226,0.19191459972029476,Male,Female
617,PS(18:1/18:1)-H,1.3181509255030408,0.05339576235508502,Male,Female
618,PS(18:1/20:2)-H,0.8177687745690714,0.4138147011544012,Male,Female
619,PS(18:1/20:4)-H,0.7956240180166124,0.2164269027270215,Male,Female
620,PS(18:1/22:6)-H,1.002381962928609,0.9894345197050792,Male,Female
621,PS(18:2/18:2)-H,1.2710924250775422,0.20819565157286968,Male,Female
622,PS(18:2/20:1)-H,1.5803068257412214,0.09094137958695192,Male,Female
623,PS(18:2/20:2)-H,0.8926922318825864,0.6362500825416912,Male,Female
624,PS(18:2/20:4)-H,0.8504843826113727,0.38075944085503444,Male,Female
625,PS(18:2/22:6)-H,1.2851420684834878,0.2211142860880633,Male,Female
626,PS(20:0/16:1)-H,1.0404180914480625,0.7592099360607493,Male,Female
627,PS(20:0/18:2)-H,1.060817064257849,0.6305746336958649,Male,Female
628,PS(20:0/18:3)-H,1.0128540511978752,0.9428854130777558,Male,Female
629,PS(20:0/20:1)-H,0.9880594740601,0.9309390780148676,Male,Female
630,PS(20:0/20:2)-H,0.961755598503019,0.7529831891097072,Male,Female
631,PS(20:0/20:3)-H,1.1170134855353473,0.49230841609172216,Male,Female
632,PS(20:0/20:4)-H,1.0453466738521024,0.7237847536634949,Male,Female
633,PS(20:0/22:4)-H,1.1427814481877596,0.3810238513989712,Male,Female
634,PS(20:0/22:5)-H,0.8943125909808084,0.4885977111011254,Male,Female
635,PS(20:0/22:6)-H,0.871665348567867,0.672090724863741,Male,Female
636,FFA 12:0 (Lauric acid),0.8665455527601789,0.7109994518859174,Male,Female
637,FFA 13:0 (Tridecanoic acid),0.8648660250053842,0.7177279919374893,Male,Female
638,FFA 14:0 (Myristic acid),0.8793255345842613,0.7356680225296053,Male,Female
639,"FFA 14:1 (Myristoleic acid, nâ€“5)",0.9906543588460995,0.9755829359588564,Male,Female
640,FFA 15:0 (Pentadecylic acid),0.9077563703321755,0.7816047640676033,Male,Female
641,FFA 16:0 (Palmitic acid),0.7921912459251593,0.5953240382992767,Male,Female
642,"FFA 16:1 (Palmitoleic acid, nâ€“7)",0.9136152705778803,0.8096993086494115,Male,Female
643,FFA 17:0 (Margaric acid),0.8710887876292979,0.735669797015829,Male,Female
644,FFA 18:0 (Stearic acid),0.8716891327230639,0.7180233290301206,Male,Female
645,"FFA 18:1 (Oleic acid, nâ€“9 or cis-Vaccenic acid, nâ€“7)",0.9185438147635213,0.8117953806939934,Male,Female
646,"FFA 18:1 (Elaidic acid, nâ€“9 or trans-Vaccenic acid, nâ€“7)",0.9289095330827462,0.8300092993658605,Male,Female
647,"FFA 18:2 (Linoleic acid, nâ€“6)",0.9372226378271388,0.882295041230708,Male,Female
648,"FFA 18:3 (a-Linolenic acid, nâ€“3 or g-Linolenic acid, nâ€“6)",1.1123525749083678,0.7323431820481124,Male,Female
649,"FFA 18:4 (Stearidonic acid, nâ€“3)",0.6469292762846296,0.42710148857799823,Male,Female
650,FFA 19:0 (Tuberculostearic acid),1.100291809091683,0.7749092896863211,Male,Female
651,FFA 20:0 (Arachidic acid),0.9736874437661334,0.9392585224919519,Male,Female
652,"FFA 20:1 (cis-11-Eicosenoic acid, nâ€“9)",1.0314510515450013,0.9343103694760682,Male,Female
653,"FFA 20:2 (cis-11-14-Eicosadienoic acid, nâ€“6)",0.9154763458219177,0.8019489234024535,Male,Female
654,"FFA 20:3 (Dihomo-g-linolenic acid, nâ€“6 or Mead acid, nâ€“9)",0.8778592038734205,0.7331346019244755,Male,Female
655,"FFA 20:4 (Arachidonic acid, nâ€“6)",0.9149174928417022,0.804466498921333,Male,Female
656,"FFA 20:5 (Eicosapentaenoic acid, nâ€“3)",0.8433930689996193,0.6762830895326728,Male,Female
657,FFA 21:0 (Heneicosanoic acid),1.0003342177732635,0.9992392530597048,Male,Female
658,FFA 22:0 (Behenic acid),0.9880410891628281,0.9730823017836635,Male,Female
659,"FFA 22:1 (Erucic acid, nâ€“9)",1.0476529845734057,0.9056871989491796,Male,Female
660,"FFA 22:4 (Docosatetraenoic acid,  nâ€“6)",0.7925818672206717,0.6207066946014643,Male,Female
661,"FFA 22:5 (Docosapentaenoic acid, nâ€“6)",0.9130459846600933,0.7977590186598458,Male,Female
662,"FFA 22:6 (Docosahexaenoic acid, nâ€“3)",0.9840480877889136,0.9640709939985829,Male,Female
663,FFA 23:0 (Tricosanoic acid),0.9450706452031773,0.8753746208651416,Male,Female
664,FFA 24:0 (Lignoceric acid),0.8284899367288618,0.6138344843589205,Male,Female
665,"FFA 24:1 (Nervonic acid, nâ€“9)",0.6477512875269075,0.37640179133088236,Male,Female
666,FFA 25:0 (Pentacosanoic acid),0.8070231101538019,0.5588644134191059,Male,Female
667,FFA 26:0 (Cerotic acid),0.8905606467468007,0.739331283957238,Male,Female
668,FFA 27:0 (Heptacosanoic acid),0.7775902673187844,0.512875976155575,Male,Female
669,FFA 28:0 (Montanic acid),0.9445659500535928,0.8921160318671538,Male,Female
670,EPA,0.6947580872714462,0.5258244369191032,Male,Female
671,DHA,0.928323514216628,0.8360100797532889,Male,Female
672,DPA,0.8731896705912985,0.7238580192453958,Male,Female
673,Adrenic Acid,0.7386575774366058,0.5166569820548252,Male,Female
674,AA,0.8952777754202282,0.7625928808618402,Male,Female
675,CE(20:0)+H,0.8947039105611434,0.7590806812114166,Male,Female
676,CE(22:5)+H,0.32718380000734704,0.3388367356628068,Male,Female
677,CE(18:2)+H,1.485304539535157,0.30194783294549726,Male,Female
678,CE(18:3)+H,1.246118514555116,0.6737625128921321,Male,Female
679,TAG(44:1/FA16:0)+NH4,1.4070083800810147,0.5708835758544408,Male,Female
680,TAG(44:2/FA16:0)+NH4,1.0027875481271156,0.9960819066321974,Male,Female
681,TAG(46:2/FA14:0)+NH4,1.0098159647913378,0.9799074950232027,Male,Female
682,TAG(47:1/FA14:0)+NH4,0.9926392842970319,0.9917856458087024,Male,Female
683,TAG(47:2/FA18:1)+NH4,1.1073851276665923,0.8422462539275575,Male,Female
684,TAG(48:2/FA18:1)+NH4,1.3078631021718738,0.5210185930232154,Male,Female
685,TAG(48:3/FA16:0)+NH4,0.5486561425473901,0.5843154896008499,Male,Female
686,TAG(50:3/FA14:0)+NH4,0.24927531905759348,0.21863381168314044,Male,Female
687,TAG(50:3/FA16:0)+NH4,1.02114973248317,0.9694185855920496,Male,Female
688,TAG(50:4/FA14:0)+NH4,0.912321315872016,0.8469276960156423,Male,Female
689,TAG(51:3/FA16:1)+NH4,0.8822185606607489,0.7676629168265126,Male,Female
690,TAG(52:5/FA18:1)+NH4,2.8151577381777493,0.07890402886319817,Male,Female
691,TAG(52:6/FA16:1)+NH4,0.7367581316664129,0.7246883361518754,Male,Female
692,TAG(55:5/FA18:2)+NH4,1.1096094428531378,0.8343926893868503,Male,Female
693,TAG(55:7/FA22:6)+NH4,0.5061674982466465,0.4658804711204584,Male,Female
694,DAG(16:0/16:1)+NH4,0.8189028412182126,0.6951222893489943,Male,Female
695,DAG(14:0/20:0)+NH4,1.178326356687375,0.5864881102311597,Male,Female
696,DAG(16:1/18:0)+NH4,1.5472188636135045,0.3722371359478176,Male,Female
697,PC(16:0/20:5)+AcO,1.106706377210144,0.4706410779442145,Male,Female
698,PC(18:0/22:4)+AcO,0.9928671340978014,0.9566261970557141,Male,Female
699,PC(18:2/20:3)+AcO,0.5595368027336554,0.23594760255130645,Male,Female
700,PC(20:0/18:1)+AcO,0.69992305389515,,Male,Female
701,PE(14:0/20:3)-H,0.9816479130994017,0.9368784336245132,Male,Female
702,PE(18:2/20:2)-H,0.9622700410163028,0.7772243403841534,Male,Female
703,PE(P-14:0/18:1)-H,0.8408170851469648,0.46071374618753125,Male,Female
704,LPG(18:1)-H,0.9474144602698319,0.6394268860147707,Male,Female
705,PG(14:0/20:5)-H,0.8037372052613888,0.6018833232886894,Male,Female
706,LPS(20:4)-H,0.7605160079027173,,Male,Female
707,PS(14:0/18:1)-H,0.9212118520265925,0.6839973072867771,Male,Female
708,CE(20:2)+H,1.6008705710848148,0.3786040557470788,Male,Female
709,CE(22:4)+H,1.2826234532439609,0.5351253196772805,Male,Female
710,TAG(45:1/FA18:1)+NH4,2.914976951604155,0.01638547797287645,Male,Female
711,TAG(52:5/FA22:5)+NH4,0.8995067693127761,0.8891768440229451,Male,Female
712,TAG(52:6/FA20:5)+NH4,0.28456441825157736,0.120950561247409,Male,Female
713,TAG(52:7/FA16:0)+NH4,4.812825098979299,0.20126179224540472,Male,Female
714,PC(18:1/22:4)+AcO,1.078500807060106,0.592139996144545,Male,Female
715,LPI(22:6)-H,1.4269606544400988,0.4153905060689006,Male,Female
716,CE(22:0)+H,3.1036403298771695,0.45666116425446956,Female,Male
717,TAG(50:5/FA18:2)+NH4,0.5687124744229416,0.4905770370390061,Female,Male
718,TAG(54:5/FA18:0)+NH4,1.682234061745111,0.4552208761480234,Female,Male
719,TAG(54:5/FA18:3)+NH4,0.5709259288277473,0.4333334699735065,Female,Male
720,TAG(54:7/FA18:3)+NH4,0.9130214242299732,0.8762261104746779,Female,Male
721,TAG(54:8/FA18:3)+NH4,0.8574795730605659,0.8135132946861208,Female,Male
722,PC(14:0/18:2)+AcO,0.7057784146398252,0.012316551571897929,Female,Male
723,PE(P-16:0/16:0)-H,0.857520961303769,0.6869033090479306,Female,Male
724,PG(20:0/20:2)-H,0.7743958519799161,0.3898030048708879,Female,Male
725,LPS(16:1)-H,1.2559594771073308,0.41601509763574634,Female,Male
726,PS(14:0/14:0)-H,0.8242757206245918,0.2741561982073017,Female,Male
727,PS(18:2/18:3)-H,1.2869822914266607,0.6695671250365516,Female,Male
728,CE(22:1)+H,1.1586413385875796,0.7802406883643,Female,Male
729,TAG(50:1/FA14:0)+NH4,3.3144972617674706,0.43520531437781873,Female,Male
730,TAG(53:3/FA16:0)+NH4,1.8679389046648833,0.20906783847710272,Female,Male
731,PS(18:1/22:5)-H,0.39293631943828494,0.12668207603955742,Female,Male
732,TAG(54:4/FA22:4)+NH4,0.5042587306008065,0.4481342116446957,Female,Male
733,TAG(54:5/FA16:1)+NH4,0.6437776385890073,0.2876636568384687,Female,Male
734,TAG(52:8/FA16:1)+NH4,0.742768113532495,0.6143029499775347,Male,Female
735,TAG(52:8/FA18:2)+NH4,0.9851684799258313,0.9913931493281601,Male,Female
736,TAG(53:4/FA17:0)+NH4,6.094360046592398,0.3993438911855326,Male,Female
737,DAG(16:0/18:3)+NH4,0.3873436686330143,0.2431703021993873,Male,Female
738,PC(18:2/22:6)+AcO,0.608620137913788,0.05012636846003497,Male,Female
739,TAG(52:7/FA18:1)+NH4,12.76533113345571,0.303775892272298,Male,Female
740,TAG(56:3/FA18:1)+NH4,6.902485742506852,0.022760177629516907,Male,Female
741,PG(20:0/20:1)-H,1.1427746999589006,0.7067646343915001,Male,Female
742,TAG(50:4/FA18:3)+NH4,0.9858191810637832,0.986441874824042,Male,Female
743,LPS(22:4)-H,0.5868756683701276,0.4270722316393303,Male,Female
744,TAG(50:4/FA16:0)+NH4,0.8049894510671414,0.779248679644289,Female,Male
745,SM(22:0)+H,2.6861938612844622,0.00728403386992412,Male,Female
746,TAG(51:1/FA17:0)+NH4,0.48127573277742275,0.5990711363970498,Male,Female
747,PC(18:0/20:2)+AcO,1.0567657173235208,0.8393350277397227,Male,Female
748,PC(18:0/22:5)+AcO,1.0319487132121428,0.8395190509162087,Male,Female
749,PS(14:0/20:3)-H,0.8676162874882246,0.7435793234655089,Male,Female
750,PG(20:0/20:5)-H,0.6237483912452004,0.11898373561483433,Male,Female
751,LPG(18:2)-H,1.168887722437942,,Male,Female
752,PC(18:1/22:5)+AcO,1.2023427464147396,0.21883857837155155,Male,Female
753,PC(18:1/22:6)+AcO,1.1078600066341653,0.5406779500004133,Male,Female
754,PC(18:2/20:1)+AcO,1.336630433986295,0.14552399671756786,Male,Female
755,PC(18:2/20:2)+AcO,1.4345371896327606,0.0453276834662195,Male,Female
756,PC(18:2/22:4)+AcO,1.1020058111063684,0.738859099419868,Male,Female
757,PC(20:0/16:1)+AcO,0.9442973730520671,0.7737258922015932,Male,Female
758,PC(14:0/20:1)+AcO,1.290184710500239,0.3137267216496594,Male,Female
759,PC(14:0/20:2)+AcO,1.1827012550009741,0.3467014941334706,Male,Female
760,PC(14:0/20:3)+AcO,1.510753837884092,0.00665962016995649,Male,Female
761,PC(14:0/20:5)+AcO,1.5982330758120946,0.05275719549313579,Male,Female
762,PC(14:0/22:4)+AcO,1.1318004346193324,0.45487103842865917,Male,Female
763,PC(14:0/22:5)+AcO,1.1025702591452395,0.48864191432127113,Male,Female
764,PC(14:0/22:6)+AcO,1.310258973640652,0.0824390073786389,Male,Female
765,PC(18:0/18:3)+AcO,1.233719837302195,0.40191578170864717,Male,Female
766,PC(18:0/20:5)+AcO,1.1536469272982197,0.5867158294100815,Male,Female
767,PC(18:0/22:6)+AcO,1.0878461118455625,0.5496117564870835,Male,Female
768,PC(18:1/18:3)+AcO,1.255616251761649,0.2733036058559257,Male,Female
769,PC(18:1/20:5)+AcO,0.9311213176628974,0.7620005079343345,Male,Female
770,LPI(18:3)-H,1.1154104563262932,,Female,Male
