,lipid,fc,p,tissue1,tissue2
0,SM(14:0)+H,1.2387982172748053,0.010527747991875752,Striatum,Cortex
1,SM(16:0)+H,0.9951708187560852,0.9588286532361865,Striatum,Cortex
2,SM(18:0)+H,0.9356201926299582,0.6453525018983453,Striatum,Cortex
3,SM(18:1)+H,0.9549723223895522,0.5059161056181103,Striatum,Cortex
4,SM(20:0)+H,0.7759436410365048,0.326359110928107,Striatum,Cortex
5,SM(20:1)+H,1.1402001629686613,0.31085268412702893,Striatum,Cortex
6,SM(22:1)+H,1.0060913094976747,0.9806378352875184,Striatum,Cortex
7,SM(24:0)+H,0.6612044874377223,0.20277042662317227,Striatum,Cortex
8,SM(24:1)+H,0.819715822404305,0.33825529556270784,Striatum,Cortex
9,CE(22:6)+H,2.196756720453096,0.3412110077444249,Striatum,Cortex
10,CE(14:0)+H,0.6966452188949835,0.30679141912015523,Striatum,Cortex
11,CE(16:1)+H,3.0704117210956405,0.4059792887309065,Striatum,Cortex
12,CE(18:0)+H,1.5216674010177393,0.3957678508355874,Striatum,Cortex
13,CE(18:1)+H,1.0399718969275296,0.9123396235612932,Striatum,Cortex
14,CE(20:3)+H,0.6720182429816858,0.3152938630614537,Striatum,Cortex
15,CE(20:4)+H,0.7668880315762061,0.5260805962137439,Striatum,Cortex
16,CE(20:5)+H,1.0583390578482814,0.9113895015571799,Striatum,Cortex
17,CE(22:2)+H,0.6386826378598082,0.34479066921494783,Striatum,Cortex
18,CE(24:1)+H,0.6008930550272388,0.2773768293372393,Striatum,Cortex
19,CER(14:0)+H,0.987007441246118,0.9742696969908732,Striatum,Cortex
20,CER(16:0)+H,0.9856340129632776,0.9687277777223603,Striatum,Cortex
21,CER(18:0)+H,1.1890066759573479,0.634865509706662,Striatum,Cortex
22,CER(18:1)+H,1.3049024235360642,0.4943349117345004,Striatum,Cortex
23,CER(20:0)+H,1.4342732930576998,0.2761044325775415,Striatum,Cortex
24,CER(20:1)+H,1.1079102401301317,0.7627162990103756,Striatum,Cortex
25,CER(22:0)+H,1.0414981312622857,0.904581060641381,Striatum,Cortex
26,CER(22:1)+H,1.2066826697856983,0.5614202765555056,Striatum,Cortex
27,CER(24:0)+H,0.9596701834383213,0.8984299614772968,Striatum,Cortex
28,CER(24:1)+H,1.196352086455914,0.5945791168422746,Striatum,Cortex
29,CER(26:1)+H,1.3946996164841006,0.4623414776591578,Striatum,Cortex
30,DCER(14:0)+H,0.7123137193473574,0.46103035700380535,Striatum,Cortex
31,DCER(16:0)+H,0.9373391328778413,0.7851406276480296,Striatum,Cortex
32,DCER(18:0)+H,1.482915395358828,0.30544512179004574,Striatum,Cortex
33,DCER(18:1)+H,1.513422477754865,0.4267639530766304,Striatum,Cortex
34,DCER(20:0)+H,1.53321542829834,0.3140877231016948,Striatum,Cortex
35,DCER(20:1)+H,1.003458401139771,0.9942624709917852,Striatum,Cortex
36,DCER(22:0)+H,0.9181716178764302,0.8109316221262732,Striatum,Cortex
37,DCER(22:1)+H,0.8295668606870342,0.568389752763534,Striatum,Cortex
38,DCER(24:0)+H,1.223541853812902,0.6343282358806503,Striatum,Cortex
39,DCER(24:1)+H,0.99614172573668,0.9908481324726126,Striatum,Cortex
40,DCER(26:0)+H,1.0087148627005835,0.9806633100429277,Striatum,Cortex
41,DCER(26:1)+H,0.7676005562994401,0.6636444244264638,Striatum,Cortex
42,HCER(14:0)+H,1.2269280249019647,0.5789050992306939,Striatum,Cortex
43,HCER(16:0)+H,1.0519285713505926,0.8863400668840107,Striatum,Cortex
44,HCER(18:0)+H,1.5930344654518487,0.3532772082671034,Striatum,Cortex
45,HCER(18:1)+H,1.2616718127361959,0.5390803440157433,Striatum,Cortex
46,HCER(20:0)+H,1.4175010806281743,0.41757802368199437,Striatum,Cortex
47,HCER(20:1)+H,1.3915546353953903,0.394248194279578,Striatum,Cortex
48,HCER(22:0)+H,1.2481230356779347,0.4995418774893511,Striatum,Cortex
49,HCER(22:1)+H,1.0864892144297036,0.7967716589784015,Striatum,Cortex
50,HCER(24:0)+H,1.2441502948249759,0.5627152607967867,Striatum,Cortex
51,HCER(24:1)+H,1.193329408048844,0.5972734659727662,Striatum,Cortex
52,HCER(26:0)+H,1.578114206284382,0.18345401975042225,Striatum,Cortex
53,HCER(26:1)+H,1.5786532775561521,0.22766514971163895,Striatum,Cortex
54,HCER(d18:0/18:0)+H,1.3340481862228355,0.5658829502404965,Striatum,Cortex
55,HCER(d18:0/22:0)+H,1.377786013958596,0.3658289571480746,Striatum,Cortex
56,HCER(d18:0/24:0)+H,1.303367452935571,0.5188110343237436,Striatum,Cortex
57,HCER(d18:0/24:1)+H,1.2941197490400358,0.4081642104577148,Striatum,Cortex
58,LCER(14:0)+H,1.1637690575153385,0.6545516111136742,Striatum,Cortex
59,LCER(16:0)+H,0.8950539182176915,0.7325283436577579,Striatum,Cortex
60,LCER(18:0)+H,0.8868002314052503,0.7808663623011358,Striatum,Cortex
61,LCER(26:1)+H,0.40299982329417333,0.2621627164933703,Striatum,Cortex
62,LCER(d18:0/20:0)+H,0.8184247755350839,0.6084261995293476,Striatum,Cortex
63,TAG(44:1/FA16:1)+NH4,0.7422371995229806,0.44269086863726614,Striatum,Cortex
64,TAG(44:2/FA16:1)+NH4,0.8919936957793831,0.7190937459554927,Striatum,Cortex
65,TAG(44:3/FA18:2)+NH4,1.0720653980151986,0.8876313225317375,Striatum,Cortex
66,TAG(45:1/FA16:0)+NH4,0.6741602626731849,0.3227058179607961,Striatum,Cortex
67,TAG(46:0/FA18:0)+NH4,1.1339128666772968,0.7444010861126703,Striatum,Cortex
68,TAG(46:1/FA18:1)+NH4,1.708350589744415,0.5084209150235368,Striatum,Cortex
69,TAG(46:2/FA16:1)+NH4,0.8371081602255867,0.7306614341595512,Striatum,Cortex
70,TAG(46:2/FA18:1)+NH4,1.2791446663846129,0.6101809584490279,Striatum,Cortex
71,TAG(46:2/FA18:2)+NH4,1.1895457108634342,0.6678510298027257,Striatum,Cortex
72,TAG(46:3/FA16:1)+NH4,1.2033469242305135,0.6143212713789536,Striatum,Cortex
73,TAG(46:3/FA18:1)+NH4,1.824863753371171,0.23675436076627415,Striatum,Cortex
74,TAG(46:3/FA18:2)+NH4,0.8545716927813815,0.7126678831414763,Striatum,Cortex
75,TAG(46:3/FA18:3)+NH4,0.9470919743568633,0.8973007004103116,Striatum,Cortex
76,TAG(46:4/FA18:2)+NH4,1.1301506985354566,0.6676859555279898,Striatum,Cortex
77,TAG(47:0/FA17:0)+NH4,0.8962877679422856,0.7619971586386225,Striatum,Cortex
78,TAG(47:1/FA17:0)+NH4,0.9337154126106372,0.8413620833969195,Striatum,Cortex
79,TAG(48:1/FA14:0)+NH4,0.8473226740524893,0.758105886307888,Striatum,Cortex
80,TAG(48:1/FA16:0)+NH4,0.7645852594409799,0.2845066250973398,Striatum,Cortex
81,TAG(48:1/FA16:1)+NH4,1.9954141350123393,0.32789497435769965,Striatum,Cortex
82,TAG(48:2/FA14:0)+NH4,0.45844731134426886,0.10008163094178564,Striatum,Cortex
83,TAG(48:2/FA16:1)+NH4,1.314053122272912,0.5900196346775033,Striatum,Cortex
84,TAG(48:3/FA14:0)+NH4,0.5119534819152403,0.3587114091040905,Striatum,Cortex
85,TAG(48:3/FA16:1)+NH4,0.5505707143258732,0.22870374438401964,Striatum,Cortex
86,TAG(48:3/FA18:1)+NH4,1.480860973525705,0.5989465256826648,Striatum,Cortex
87,TAG(48:3/FA18:2)+NH4,0.5759033884822555,0.4740440360345396,Striatum,Cortex
88,TAG(48:4/FA18:2)+NH4,0.5188058946251493,0.17550967243540175,Striatum,Cortex
89,TAG(48:4/FA18:3)+NH4,0.8899144459645935,0.8279288950505554,Striatum,Cortex
90,TAG(48:5/FA18:3)+NH4,1.1205964416376257,0.8404536664035898,Striatum,Cortex
91,TAG(49:1/FA17:0)+NH4,0.5268938842998899,0.22320056623530127,Striatum,Cortex
92,TAG(49:2/FA16:1)+NH4,0.39372467608990125,0.2709156725963251,Striatum,Cortex
93,TAG(49:2/FA18:2)+NH4,0.6340597602122497,0.4393751648772326,Striatum,Cortex
94,TAG(49:3/FA16:1)+NH4,0.5795096423418092,0.23764770420721434,Striatum,Cortex
95,TAG(50:0/FA16:0)+NH4,1.0585642574012013,0.8764742281090419,Striatum,Cortex
96,TAG(50:1/FA16:0)+NH4,1.51260944345401,0.2937585141356247,Striatum,Cortex
97,TAG(50:1/FA18:1)+NH4,1.087540622517919,0.7585799458099008,Striatum,Cortex
98,TAG(50:2/FA14:0)+NH4,0.8181045176561694,0.6910613590222539,Striatum,Cortex
99,TAG(50:2/FA16:0)+NH4,0.6189321189086338,0.182857902222608,Striatum,Cortex
100,TAG(50:2/FA16:1)+NH4,1.0351062143711118,0.9446484255076917,Striatum,Cortex
101,TAG(50:2/FA18:1)+NH4,1.5978888612170519,0.35415426016720286,Striatum,Cortex
102,TAG(50:2/FA18:2)+NH4,0.6902015956682358,0.5085033509837233,Striatum,Cortex
103,TAG(50:3/FA16:1)+NH4,0.5088556471614772,0.28674687998476844,Striatum,Cortex
104,TAG(50:3/FA18:1)+NH4,0.3685234253157184,0.17911369072622882,Striatum,Cortex
105,TAG(50:3/FA18:2)+NH4,0.6182891641865963,0.23989787812017788,Striatum,Cortex
106,TAG(50:3/FA18:3)+NH4,0.8052924189617409,0.6971633242289768,Striatum,Cortex
107,TAG(50:4/FA16:1)+NH4,0.2704850693264662,0.14749452723110704,Striatum,Cortex
108,TAG(50:4/FA18:2)+NH4,0.43096752730511834,0.22612013619814567,Striatum,Cortex
109,TAG(50:5/FA14:0)+NH4,0.334195214948501,0.449687031865312,Striatum,Cortex
110,TAG(50:5/FA18:3)+NH4,0.6583521461605646,0.36714260714031954,Striatum,Cortex
111,TAG(51:0/FA17:0)+NH4,1.7652826224215092,0.14377423812555767,Striatum,Cortex
112,TAG(51:2/FA16:1)+NH4,0.8779013634370549,0.7711130173987834,Striatum,Cortex
113,TAG(51:3/FA18:2)+NH4,1.3421928498506246,0.6238749770935914,Striatum,Cortex
114,TAG(51:4/FA18:2)+NH4,0.3544679781936384,0.17921446417191378,Striatum,Cortex
115,TAG(51:4/FA18:3)+NH4,0.44756707790305567,0.08774881773809637,Striatum,Cortex
116,TAG(52:0/FA20:0)+NH4,1.2127803781486126,0.4758104684747513,Striatum,Cortex
117,TAG(52:1/FA16:0)+NH4,2.2233702504515556,0.3633783596433542,Striatum,Cortex
118,TAG(52:1/FA18:1)+NH4,2.669309729614848,0.329760477193888,Striatum,Cortex
119,TAG(52:1/FA20:0)+NH4,0.7808399736844761,0.5226868980253445,Striatum,Cortex
120,TAG(52:2/FA16:0)+NH4,0.6002758695204836,0.2184275440879525,Striatum,Cortex
121,TAG(52:2/FA18:1)+NH4,1.1623169209569306,0.6251932519102947,Striatum,Cortex
122,TAG(52:2/FA18:2)+NH4,0.5860074340483764,0.19430247752625246,Striatum,Cortex
123,TAG(52:3/FA16:0)+NH4,0.6679825699068492,0.42916006060740697,Striatum,Cortex
124,TAG(52:3/FA16:1)+NH4,0.9241611204696321,0.9096493430579164,Striatum,Cortex
125,TAG(52:3/FA18:1)+NH4,0.7439508361648802,0.5589028253977089,Striatum,Cortex
126,TAG(52:3/FA18:2)+NH4,0.9846436696291361,0.9777463693675448,Striatum,Cortex
127,TAG(52:4/FA14:0)+NH4,1.1614876629899689,0.7716264689584491,Striatum,Cortex
128,TAG(52:4/FA16:0)+NH4,0.6803888482405428,0.34045868585654815,Striatum,Cortex
129,TAG(52:4/FA16:1)+NH4,0.889565651482931,0.8614299897630955,Striatum,Cortex
130,TAG(52:4/FA18:1)+NH4,0.3931890936810439,0.21139785135863018,Striatum,Cortex
131,TAG(52:4/FA18:2)+NH4,0.4882389768324766,0.24227211396285556,Striatum,Cortex
132,TAG(52:4/FA18:3)+NH4,1.458994097915211,0.5789837870587964,Striatum,Cortex
133,TAG(52:4/FA20:3)+NH4,1.4274118653703913,0.5388843041347162,Striatum,Cortex
134,TAG(52:4/FA20:4)+NH4,0.7304038308901892,0.18830059498148422,Striatum,Cortex
135,TAG(52:5/FA14:0)+NH4,1.0303968984171947,0.9500414208743326,Striatum,Cortex
136,TAG(52:5/FA16:0)+NH4,0.8683876564693984,0.7944602315325104,Striatum,Cortex
137,TAG(52:5/FA16:1)+NH4,0.39335009321499653,0.2680765285479797,Striatum,Cortex
138,TAG(52:5/FA18:2)+NH4,0.7693721436695679,0.7114474779861246,Striatum,Cortex
139,TAG(52:5/FA18:3)+NH4,0.39806295878114795,0.19305385299161,Striatum,Cortex
140,TAG(52:5/FA20:4)+NH4,0.8867677463003983,0.6963183072952656,Striatum,Cortex
141,TAG(52:6/FA14:0)+NH4,0.9615500663678371,0.9280444778481656,Striatum,Cortex
142,TAG(52:6/FA16:0)+NH4,0.6451687367122384,0.2815802274238107,Striatum,Cortex
143,TAG(52:6/FA18:2)+NH4,0.6731267968450687,0.5376186371785867,Striatum,Cortex
144,TAG(52:6/FA18:3)+NH4,0.6106125960937928,0.5354517288303061,Striatum,Cortex
145,TAG(52:6/FA20:4)+NH4,0.5841438083172156,0.45371029280244146,Striatum,Cortex
146,TAG(52:6/FA22:6)+NH4,1.2491155809100547,0.5370428665156113,Striatum,Cortex
147,TAG(52:7/FA22:6)+NH4,1.4641055033496742,0.47833280232280406,Striatum,Cortex
148,TAG(53:0/FA16:0)+NH4,0.873920609756663,0.7163721623904724,Striatum,Cortex
149,TAG(53:1/FA16:0)+NH4,2.012146986042457,0.31060967866138206,Striatum,Cortex
150,TAG(53:2/FA16:0)+NH4,0.09320731372552878,0.05259613390795577,Striatum,Cortex
151,TAG(53:2/FA17:0)+NH4,0.10298639306634495,0.19352507170679764,Striatum,Cortex
152,TAG(53:4/FA18:2)+NH4,4.388729791215404,0.12237945759600474,Striatum,Cortex
153,TAG(54:1/FA20:0)+NH4,0.7727440892916863,0.4997128392205764,Striatum,Cortex
154,TAG(54:2/FA18:0)+NH4,1.727989674715553,0.33282795599492543,Striatum,Cortex
155,TAG(54:2/FA18:1)+NH4,1.454632800256045,0.47088694398561015,Striatum,Cortex
156,TAG(54:2/FA20:0)+NH4,0.6621354859239851,0.24738701502089933,Striatum,Cortex
157,TAG(54:2/FA20:1)+NH4,2.288966358228343,0.44211656450089465,Striatum,Cortex
158,TAG(54:3/FA18:0)+NH4,2.3484011027144565,0.127988175622324,Striatum,Cortex
159,TAG(54:4/FA18:0)+NH4,2.203013017490603,0.38660003078552474,Striatum,Cortex
160,TAG(54:4/FA18:1)+NH4,0.8104367534529464,0.725020174044416,Striatum,Cortex
161,TAG(54:4/FA18:2)+NH4,0.6026805745130985,0.37718632717897826,Striatum,Cortex
162,TAG(54:4/FA20:3)+NH4,0.7947222342384547,0.5739803473610927,Striatum,Cortex
163,TAG(54:4/FA20:4)+NH4,1.1578812449123868,0.6794355362424224,Striatum,Cortex
164,TAG(54:5/FA16:0)+NH4,1.0572952690406536,0.9040638727180791,Striatum,Cortex
165,TAG(54:5/FA18:1)+NH4,0.6244398128403776,0.3961935856217278,Striatum,Cortex
166,TAG(54:5/FA18:2)+NH4,0.6267578218204088,0.39544229028122124,Striatum,Cortex
167,TAG(54:5/FA20:4)+NH4,1.1113279818000539,0.7877810733588225,Striatum,Cortex
168,TAG(54:5/FA22:5)+NH4,0.6950495093807829,0.3034109580972045,Striatum,Cortex
169,TAG(54:6/FA16:0)+NH4,1.0281075226550538,0.9147912402402718,Striatum,Cortex
170,TAG(54:6/FA16:1)+NH4,0.7527941405151842,0.4752494728947304,Striatum,Cortex
171,TAG(54:6/FA18:1)+NH4,0.8789510373408792,0.7733264667219468,Striatum,Cortex
172,TAG(54:6/FA18:2)+NH4,0.5745717863366784,0.23958188160113833,Striatum,Cortex
173,TAG(54:6/FA18:3)+NH4,0.40509226666898623,0.22445452985092712,Striatum,Cortex
174,TAG(54:6/FA20:4)+NH4,0.9855199658053363,0.9616171427469885,Striatum,Cortex
175,TAG(54:6/FA22:5)+NH4,0.7949312669194152,0.4542222227686228,Striatum,Cortex
176,TAG(54:6/FA22:6)+NH4,0.9265534457888732,0.7943629890966958,Striatum,Cortex
177,TAG(54:7/FA16:1)+NH4,0.6009229099342197,0.20856260994680179,Striatum,Cortex
178,TAG(54:7/FA18:2)+NH4,0.7798843214338267,0.6294817630514448,Striatum,Cortex
179,TAG(54:7/FA20:4)+NH4,0.882776094845235,0.8186203298764145,Striatum,Cortex
180,TAG(54:7/FA22:6)+NH4,0.8916756866263587,0.6292547469876731,Striatum,Cortex
181,TAG(54:8/FA18:2)+NH4,0.4403545273225732,0.4342107488072834,Striatum,Cortex
182,TAG(54:8/FA22:6)+NH4,0.8800506589916615,0.6996816474140783,Striatum,Cortex
183,TAG(55:1/FA16:0)+NH4,0.3833101480409046,0.11544017571220647,Striatum,Cortex
184,TAG(55:1/FA18:1)+NH4,0.9284009865080328,0.8320143802300473,Striatum,Cortex
185,TAG(56:5/FA16:0)+NH4,0.6927840935752783,0.2779621768924512,Striatum,Cortex
186,TAG(56:5/FA18:1)+NH4,1.6018920225959827,0.22949321894810176,Striatum,Cortex
187,TAG(56:5/FA20:4)+NH4,1.3618157548648717,0.35952181529850735,Striatum,Cortex
188,TAG(56:6/FA18:0)+NH4,0.5280753856341455,0.03868718889614131,Striatum,Cortex
189,TAG(56:6/FA18:1)+NH4,1.0761965656870685,0.8167168813226384,Striatum,Cortex
190,TAG(56:6/FA20:4)+NH4,0.9222793410865693,0.772238929222159,Striatum,Cortex
191,TAG(56:6/FA22:5)+NH4,1.3805088437094395,0.45419924851723126,Striatum,Cortex
192,TAG(56:6/FA22:6)+NH4,0.9153711735040603,0.7807803763927098,Striatum,Cortex
193,TAG(56:7/FA16:0)+NH4,0.6675746560687802,0.1541667914458066,Striatum,Cortex
194,TAG(56:7/FA16:1)+NH4,0.7215879062247966,0.4306681547288701,Striatum,Cortex
195,TAG(56:7/FA18:1)+NH4,0.9154045504541252,0.7560152881004156,Striatum,Cortex
196,TAG(56:7/FA18:3)+NH4,1.977377191359052,0.3502448270059638,Striatum,Cortex
197,TAG(56:7/FA20:3)+NH4,0.7289900766622155,0.45864267253776614,Striatum,Cortex
198,TAG(56:7/FA20:4)+NH4,0.733107808690711,0.40588316002888625,Striatum,Cortex
199,TAG(56:7/FA22:5)+NH4,1.4893615483855283,0.5077453436031261,Striatum,Cortex
200,TAG(56:7/FA22:6)+NH4,1.0746189176486873,0.7976431290958788,Striatum,Cortex
201,TAG(56:8/FA16:0)+NH4,0.6555047599715832,0.37136090430470736,Striatum,Cortex
202,TAG(56:8/FA16:1)+NH4,0.9027021299409703,0.801318985870296,Striatum,Cortex
203,TAG(56:8/FA18:1)+NH4,0.49397815716530835,0.18687314552069528,Striatum,Cortex
204,TAG(56:8/FA18:2)+NH4,1.1188769772606522,0.850967703728164,Striatum,Cortex
205,TAG(56:8/FA20:4)+NH4,1.3855375344024303,0.47184586802580175,Striatum,Cortex
206,TAG(56:8/FA22:6)+NH4,0.9748825049419105,0.9327877892470777,Striatum,Cortex
207,TAG(56:9/FA18:3)+NH4,1.1036535181327172,0.8430080926977126,Striatum,Cortex
208,TAG(56:9/FA20:4)+NH4,0.5159586240136895,0.15393777581222526,Striatum,Cortex
209,TAG(56:9/FA22:6)+NH4,0.5422678624236293,0.07352542300125509,Striatum,Cortex
210,TAG(57:10/FA22:6)+NH4,0.9220072585197681,0.8822977658495892,Striatum,Cortex
211,TAG(57:2/FA18:1)+NH4,0.5270438967556146,0.2598026347909599,Striatum,Cortex
212,TAG(58:10/FA20:4)+NH4,0.7136221755681986,0.20202184820283411,Striatum,Cortex
213,TAG(58:10/FA22:6)+NH4,0.7160102242041129,0.28465596620106837,Striatum,Cortex
214,TAG(58:6/FA22:4)+NH4,0.3656458412937967,0.09414370546825905,Striatum,Cortex
215,TAG(58:6/FA22:5)+NH4,0.7678843903045832,0.7059829870054168,Striatum,Cortex
216,TAG(58:7/FA20:4)+NH4,0.7766544652449492,0.4969136752772786,Striatum,Cortex
217,TAG(58:7/FA22:6)+NH4,0.8406737792496718,0.5304615890140785,Striatum,Cortex
218,TAG(58:8/FA18:1)+NH4,0.6002853248382503,0.14354046423989036,Striatum,Cortex
219,TAG(58:8/FA20:4)+NH4,1.2543413328542627,0.5553546274837102,Striatum,Cortex
220,TAG(58:8/FA22:5)+NH4,0.5696030954277095,0.24486206481809958,Striatum,Cortex
221,TAG(58:8/FA22:6)+NH4,1.0371619226590238,0.9130888176961285,Striatum,Cortex
222,TAG(58:9/FA20:4)+NH4,1.1007908087055762,0.7913923616588863,Striatum,Cortex
223,TAG(58:9/FA22:6)+NH4,0.9350281945552958,0.8190169257858747,Striatum,Cortex
224,TAG(60:10/FA22:5)+NH4,1.0344015332294656,0.9350311310402197,Striatum,Cortex
225,TAG(60:10/FA22:6)+NH4,1.0306389404685994,0.9274202601893778,Striatum,Cortex
226,TAG(60:11/FA22:5)+NH4,0.7749502978332937,0.3631387666339093,Striatum,Cortex
227,TAG(60:11/FA22:6)+NH4,0.9143706791042936,0.7263355115448833,Striatum,Cortex
228,TAG(60:12/FA22:6)+NH4,1.0173460494394362,0.9610498806042417,Striatum,Cortex
229,DAG(14:0/18:1)+NH4,1.4491776169489443,0.4074469639258106,Striatum,Cortex
230,DAG(14:0/18:2)+NH4,0.7823293946654521,0.45439281578622637,Striatum,Cortex
231,DAG(16:0/18:0)+NH4,1.7451948891078428,0.30462231873501355,Striatum,Cortex
232,DAG(16:0/18:1)+NH4,1.298000533290551,0.504553887958713,Striatum,Cortex
233,DAG(16:1/18:1)+NH4,1.0779844430540217,0.7764382257994937,Striatum,Cortex
234,DAG(16:0/18:2)+NH4,0.8932905668954042,0.7500719638623268,Striatum,Cortex
235,DAG(16:1/18:2)+NH4,0.8700302821779442,0.6587141460990947,Striatum,Cortex
236,DAG(14:0/20:4)+NH4,1.1556367170074646,0.7346094661274419,Striatum,Cortex
237,DAG(16:1/20:0)+NH4,1.1880022317533192,0.6957779833925464,Striatum,Cortex
238,DAG(18:0/18:1)+NH4,1.550453433349045,0.22578832324846504,Striatum,Cortex
239,DAG(18:1/18:1)+NH4,1.2814274626115785,0.4143866740972507,Striatum,Cortex
240,DAG(16:0/20:3)+NH4,1.0895449764046932,0.78240935834879,Striatum,Cortex
241,DAG(16:0/20:4)+NH4,1.6931069238830083,0.21604241575230698,Striatum,Cortex
242,DAG(16:1/20:4)+NH4,1.555647042717358,0.2144363014584376,Striatum,Cortex
243,DAG(16:0/20:5)+NH4,0.9440055025793678,0.8695076563499974,Striatum,Cortex
244,DAG(18:1/20:1)+NH4,0.8000041104506136,0.5235616683485944,Striatum,Cortex
245,DAG(18:1/20:3)+NH4,1.3776872154633961,0.29804069586010545,Striatum,Cortex
246,DAG(18:1/20:4)+NH4,1.6958666309593369,0.17554612974936099,Striatum,Cortex
247,DAG(16:0/22:5)+NH4,1.198205298621263,0.5594955869915161,Striatum,Cortex
248,DAG(18:2/20:4)+NH4,1.0643376951786114,0.8622028782033135,Striatum,Cortex
249,DAG(18:1/20:5)+NH4,0.5050410340602838,0.09745483540787461,Striatum,Cortex
250,DAG(16:0/22:6)+NH4,0.8730086575102238,0.6759032959668885,Striatum,Cortex
251,DAG(16:1/22:6)+NH4,1.1018154482087679,0.7263600777323331,Striatum,Cortex
252,DAG(18:1/22:4)+NH4,1.2226641257666448,0.6308477270372089,Striatum,Cortex
253,DAG(18:1/22:5)+NH4,0.9956889259651446,0.9918407358642313,Striatum,Cortex
254,DAG(18:0/22:6)+NH4,1.2283445618628333,0.5571631654247571,Striatum,Cortex
255,DAG(18:1/22:6)+NH4,1.6532683592508959,0.13409570863648435,Striatum,Cortex
256,DAG(18:2/22:6)+NH4,0.8703720782707434,0.726826721161584,Striatum,Cortex
257,MAG(16:0)+NH4,1.3233991960817573,0.6167470949262874,Striatum,Cortex
258,MAG(16:1)+NH4,1.196394848555452,0.6527091761860307,Striatum,Cortex
259,MAG(18:0)+NH4,1.017129888822131,0.9635206735240734,Striatum,Cortex
260,MAG(18:1)+NH4,1.4053476414572148,0.30160089894553993,Striatum,Cortex
261,MAG(18:2)+NH4,1.1124232219067123,0.740710270680333,Striatum,Cortex
262,MAG(20:0)+NH4,1.2647084941548885,0.5879763406753435,Striatum,Cortex
263,MAG(20:1)+NH4,1.5203860170078005,0.35545724541821466,Striatum,Cortex
264,MAG(20:2)+NH4,1.1428063051777206,0.7008404165109221,Striatum,Cortex
265,MAG(20:3)+NH4,1.310382187402283,0.49060937928312387,Striatum,Cortex
266,MAG(20:4)+NH4,1.2399581949325709,0.5265630483520553,Striatum,Cortex
267,MAG(22:0)+NH4,1.3499070062873273,0.5132912297639503,Striatum,Cortex
268,MAG(22:1)+NH4,1.2282557889932268,0.6279615404997791,Striatum,Cortex
269,MAG(22:2)+NH4,1.179153609305956,0.669781239447577,Striatum,Cortex
270,MAG(22:3)+NH4,1.2433461244983026,0.6691878198388357,Striatum,Cortex
271,MAG(22:4)+NH4,1.4639283437911765,0.29015825901040687,Striatum,Cortex
272,MAG(22:5)+NH4,1.4919726959462782,0.4212285687344264,Striatum,Cortex
273,MAG(22:6)+NH4,1.2624676157838626,0.5164757853400466,Striatum,Cortex
274,LPC(14:0)+AcO,1.4103523657240336,0.4304650739280279,Striatum,Cortex
275,LPC(16:0)+AcO,0.9516696384355773,0.5468918413350325,Striatum,Cortex
276,LPC(16:1)+AcO,0.6172071091384481,0.03250017882356287,Striatum,Cortex
277,LPC(18:0)+AcO,0.8405913404598416,0.668840507602828,Striatum,Cortex
278,LPC(18:1)+AcO,1.013679532831819,0.8357247294619469,Striatum,Cortex
279,LPC(18:2)+AcO,0.860879410039761,0.13705186366282593,Striatum,Cortex
280,LPC(18:3)+AcO,0.7066423105787851,0.056604273996494474,Striatum,Cortex
281,LPC(20:0)+AcO,0.9777129019153453,0.8172648535790854,Striatum,Cortex
282,LPC(20:1)+AcO,1.0324945490473676,0.721586282838715,Striatum,Cortex
283,LPC(20:2)+AcO,0.7343246132432474,0.0017215029831622113,Striatum,Cortex
284,LPC(20:3)+AcO,0.8862378361695119,0.20774499271575775,Striatum,Cortex
285,LPC(20:4)+AcO,0.8315874256463085,0.16766649643755988,Striatum,Cortex
286,LPC(20:5)+AcO,0.9554675930037306,0.7743902334487643,Striatum,Cortex
287,LPC(22:4)+AcO,0.8855581641057931,0.4521455583242303,Striatum,Cortex
288,LPC(22:5)+AcO,0.7651467389808262,0.010578788229667265,Striatum,Cortex
289,LPC(22:6)+AcO,0.7973692053930825,0.025877456709040556,Striatum,Cortex
290,PC(14:0/14:0)+AcO,0.8899856137651546,0.7268080257272774,Striatum,Cortex
291,PC(14:0/18:1)+AcO,0.8513181351909292,0.5531003875070257,Striatum,Cortex
292,PC(14:0/20:4)+AcO,0.9380043575932432,0.7942107288975058,Striatum,Cortex
293,PC(16:0/14:0)+AcO,0.7421031912656169,0.037841291333151374,Striatum,Cortex
294,PC(16:0/16:0)+AcO,0.7597862555325002,0.043891811054299734,Striatum,Cortex
295,PC(16:0/16:1)+AcO,1.0077737507102846,0.9365640420171188,Striatum,Cortex
296,PC(16:0/18:0)+AcO,0.7661078386403022,0.030390539604348576,Striatum,Cortex
297,PC(16:0/18:1)+AcO,0.8771946378996549,0.17344744797963074,Striatum,Cortex
298,PC(16:0/18:2)+AcO,0.8297331529116423,0.052289130872949625,Striatum,Cortex
299,PC(16:0/18:3)+AcO,0.7968463789527742,0.05127023304903868,Striatum,Cortex
300,PC(16:0/20:1)+AcO,0.9351343810953158,0.5730930362962745,Striatum,Cortex
301,PC(16:0/20:2)+AcO,0.7093601669064281,0.004270917096899518,Striatum,Cortex
302,PC(16:0/20:3)+AcO,0.8885552020659717,0.23541975271837312,Striatum,Cortex
303,PC(16:0/20:4)+AcO,0.8614141119672541,0.16590405496357802,Striatum,Cortex
304,PC(16:0/22:4)+AcO,1.0697413268449825,0.5175706474860116,Striatum,Cortex
305,PC(16:0/22:5)+AcO,0.7535535894551717,0.01876989520603471,Striatum,Cortex
306,PC(16:1/18:1)+AcO,1.114614433478323,0.6624862265233546,Striatum,Cortex
307,PC(16:1/18:2)+AcO,0.914944739991458,0.6566245953632998,Striatum,Cortex
308,PC(16:0/22:6)+AcO,0.7063809476565733,0.0029129619953424776,Striatum,Cortex
309,PC(18:0/14:0)+AcO,0.8588642037453964,0.3815780419513557,Striatum,Cortex
310,PC(18:0/16:1)+AcO,1.0009269669934355,0.9920639923666817,Striatum,Cortex
311,PC(18:0/18:0)+AcO,0.7806961423729145,0.14838770341411453,Striatum,Cortex
312,PC(18:0/18:1)+AcO,0.9143566530429702,0.5153425416571817,Striatum,Cortex
313,PC(18:0/18:2)+AcO,0.8666135896634874,0.1904544616098161,Striatum,Cortex
314,PC(18:0/20:1)+AcO,0.808354786436042,0.43045748241383386,Striatum,Cortex
315,PC(18:0/20:3)+AcO,0.9963657327452418,0.9728953745231711,Striatum,Cortex
316,PC(18:0/20:4)+AcO,1.0055663301005513,0.9637169375778499,Striatum,Cortex
317,PC(18:1/16:1)+AcO,1.174767555348199,0.49577412592927816,Striatum,Cortex
318,PC(18:1/18:1)+AcO,1.0163053259925523,0.8753010390541487,Striatum,Cortex
319,PC(18:1/18:2)+AcO,0.9378655080802035,0.5361842709961948,Striatum,Cortex
320,PC(18:1/20:1)+AcO,1.1800754792716688,0.2135396269861404,Striatum,Cortex
321,PC(18:1/20:2)+AcO,0.8249109791799036,0.1907520431634539,Striatum,Cortex
322,PC(18:1/20:3)+AcO,0.9642319736309581,0.720204599487739,Striatum,Cortex
323,PC(18:1/20:4)+AcO,1.0619209556932212,0.6345070413485018,Striatum,Cortex
324,PC(18:2/16:1)+AcO,0.9282351611645514,0.7261928136109281,Striatum,Cortex
325,PC(18:2/18:2)+AcO,0.9225359898146354,0.4972045145670776,Striatum,Cortex
326,PC(18:2/20:4)+AcO,0.9325954750227747,0.574959838544536,Striatum,Cortex
327,LPE(14:0)-H,0.5364028250425855,0.10146395283287767,Striatum,Cortex
328,LPE(16:0)-H,0.756145642847405,0.0018216227740153175,Striatum,Cortex
329,LPE(16:1)-H,0.49252025538953864,0.2739061617797921,Striatum,Cortex
330,LPE(18:0)-H,0.8574742549034013,0.09980830768615072,Striatum,Cortex
331,LPE(18:1)-H,0.8767253670503995,0.43247504872590703,Striatum,Cortex
332,LPE(18:2)-H,0.616991581058238,0.138025209875874,Striatum,Cortex
333,LPE(18:3)-H,0.8446587406831579,0.10138107450628632,Striatum,Cortex
334,LPE(20:0)-H,0.5815347688327297,0.12139454731709853,Striatum,Cortex
335,LPE(20:1)-H,0.5551747272373058,0.10413097037927373,Striatum,Cortex
336,LPE(20:2)-H,0.47030580542969774,0.05300714752250234,Striatum,Cortex
337,LPE(20:3)-H,0.5394097648433641,0.0929629783371437,Striatum,Cortex
338,LPE(20:4)-H,0.7407138139714955,0.25931502735225365,Striatum,Cortex
339,LPE(20:5)-H,0.857309963340737,0.5302376039325138,Striatum,Cortex
340,LPE(22:4)-H,0.6726502694793206,0.20663157072312102,Striatum,Cortex
341,LPE(22:5)-H,0.4969027627356443,0.048936399920478664,Striatum,Cortex
342,LPE(22:6)-H,0.5052335240959273,0.04636310663128141,Striatum,Cortex
343,PE(14:0/14:0)-H,0.5140954039945353,,Striatum,Cortex
344,PE(14:0/18:1)-H,1.039388312947042,0.7641524892251399,Striatum,Cortex
345,PE(14:0/18:2)-H,0.8453262763912485,0.50424771408214,Striatum,Cortex
346,PE(14:0/20:4)-H,1.1579393416174948,0.2678896740536853,Striatum,Cortex
347,PE(14:0/22:4)-H,1.6369695279078584,0.015521731716176141,Striatum,Cortex
348,PE(14:0/22:5)-H,0.7454482231532772,0.3528959763148468,Striatum,Cortex
349,PE(14:0/22:6)-H,0.8246790837831637,0.1707485007077566,Striatum,Cortex
350,PE(16:0/16:0)-H,1.0687536719486028,0.6523404783888573,Striatum,Cortex
351,PE(16:0/16:1)-H,1.3493324469947041,0.006322210096252506,Striatum,Cortex
352,PE(16:0/18:1)-H,1.1371640746446345,0.08283709327392795,Striatum,Cortex
353,PE(16:0/18:2)-H,0.9613179306582761,0.5837661583449171,Striatum,Cortex
354,PE(16:0/18:3)-H,0.7263093887029332,0.042747276455116834,Striatum,Cortex
355,PE(16:0/20:1)-H,0.9534601630085464,0.6634463758301097,Striatum,Cortex
356,PE(16:0/20:2)-H,0.962634275599149,0.6897636918465261,Striatum,Cortex
357,PE(16:0/20:3)-H,1.1302890916424968,0.13473609574697493,Striatum,Cortex
358,PE(16:0/20:4)-H,1.1963978696688922,0.05590562582545114,Striatum,Cortex
359,PE(16:0/20:5)-H,1.5380322140938945,0.0045227404797401945,Striatum,Cortex
360,PE(16:0/22:4)-H,1.2735965453159177,0.007682939921669985,Striatum,Cortex
361,PE(16:0/22:5)-H,0.8741093522972138,0.19243454564201323,Striatum,Cortex
362,PE(16:0/22:6)-H,0.8000507353249606,0.04072715633083982,Striatum,Cortex
363,PE(18:0/16:1)-H,1.076515195248489,0.6666695128409872,Striatum,Cortex
364,PE(18:0/18:0)-H,1.0569639106248843,0.6270136116752814,Striatum,Cortex
365,PE(18:0/18:1)-H,1.1180728673818654,0.23273976327370366,Striatum,Cortex
366,PE(18:0/18:2)-H,0.9888053529930272,0.9255967188708931,Striatum,Cortex
367,PE(18:0/18:3)-H,0.8795854678165649,0.352272563039033,Striatum,Cortex
368,PE(18:0/20:1)-H,0.9829482577045906,0.9037154508803352,Striatum,Cortex
369,PE(18:0/20:2)-H,0.7292034071041477,0.0016138982435634334,Striatum,Cortex
370,PE(18:0/20:3)-H,0.9596736416832746,0.7991669302659037,Striatum,Cortex
371,PE(18:0/20:4)-H,1.256459556555448,0.011811968211244337,Striatum,Cortex
372,PE(18:0/20:5)-H,1.2612543704683927,0.12463450615378883,Striatum,Cortex
373,PE(18:0/22:4)-H,1.6281661126726272,0.000574772291646366,Striatum,Cortex
374,PE(18:0/22:5)-H,1.0704697781336858,0.5492420965614021,Striatum,Cortex
375,PE(18:0/22:6)-H,0.8489159926568468,0.14723716540639162,Striatum,Cortex
376,PE(18:1/16:1)-H,1.184239924535427,0.03573640402766376,Striatum,Cortex
377,PE(18:1/18:1)-H,1.1025371366504009,0.2155258421750798,Striatum,Cortex
378,PE(18:1/18:2)-H,1.0919275908471664,0.346033549191997,Striatum,Cortex
379,PE(18:1/18:3)-H,1.086035530408837,0.5059760411963014,Striatum,Cortex
380,PE(18:1/20:1)-H,1.1914672780221347,0.0659263322964056,Striatum,Cortex
381,PE(18:1/20:2)-H,1.0584860124369775,0.49636999008693916,Striatum,Cortex
382,PE(18:1/20:3)-H,1.2389266147959923,0.04389330478521388,Striatum,Cortex
383,PE(18:1/20:4)-H,1.2078929136066796,0.10123066332167581,Striatum,Cortex
384,PE(18:1/20:5)-H,1.585221859730862,0.0014941392636287738,Striatum,Cortex
385,PE(18:1/22:4)-H,1.458084090738343,0.000264449909959302,Striatum,Cortex
386,PE(18:1/22:5)-H,0.9499829883365334,0.6341194561531801,Striatum,Cortex
387,PE(18:1/22:6)-H,0.9705503652407164,0.787319669856773,Striatum,Cortex
388,PE(18:2/16:1)-H,0.9576215550509213,0.7114453915067713,Striatum,Cortex
389,PE(18:2/18:2)-H,0.9041006142772908,0.3812756086723019,Striatum,Cortex
390,PE(18:2/20:1)-H,1.2487849202199688,0.0917838568928401,Striatum,Cortex
391,PE(18:2/20:3)-H,0.9885963332176587,0.9402020069753321,Striatum,Cortex
392,PE(18:2/20:4)-H,1.058161916597175,0.6272155741182142,Striatum,Cortex
393,PE(18:2/20:5)-H,1.2055724884233567,0.3282717982888197,Striatum,Cortex
394,PE(18:2/22:6)-H,0.8623793288679596,0.3380121706757535,Striatum,Cortex
395,PE(O-16:0/16:0)-H,0.8407854988913551,0.49763305883411546,Striatum,Cortex
396,PE(O-16:0/16:1)-H,1.2918748346663578,0.177975579331612,Striatum,Cortex
397,PE(O-16:0/18:0)-H,1.6988792962205628,0.17959026411205425,Striatum,Cortex
398,PE(O-16:0/18:1)-H,1.2201730456826425,0.04506350098262038,Striatum,Cortex
399,PE(O-16:0/18:2)-H,1.039085547361023,0.8442697296745626,Striatum,Cortex
400,PE(O-16:0/20:1)-H,1.0249266204007508,0.9029130693896731,Striatum,Cortex
401,PE(O-16:0/20:3)-H,1.1987708054098802,0.3390321499413377,Striatum,Cortex
402,PE(O-16:0/20:4)-H,1.6303523876359725,2.915220337397434e-07,Striatum,Cortex
403,PE(O-16:0/20:5)-H,1.5525429355207874,0.00015019966179391262,Striatum,Cortex
404,PE(O-16:0/22:4)-H,2.1761565997059416,1.847680078510211e-05,Striatum,Cortex
405,PE(O-16:0/22:6)-H,1.206051393775547,0.1332718327032623,Striatum,Cortex
406,PE(O-18:0/16:0)-H,1.0248039927630224,0.863947956521925,Striatum,Cortex
407,PE(O-18:0/16:1)-H,1.4821032490362804,0.004942228012487736,Striatum,Cortex
408,PE(O-18:0/20:4)-H,1.0590933852634097,0.7027820151174913,Striatum,Cortex
409,PE(O-18:0/20:5)-H,1.2594405975651988,0.10665413609455505,Striatum,Cortex
410,PE(O-18:0/22:4)-H,1.6707812459100604,0.00038875294684466986,Striatum,Cortex
411,PE(P-14:0/18:0)-H,1.3623240677575943,0.25539533139985504,Striatum,Cortex
412,PE(P-16:0/16:1)-H,1.3618996403004564,0.031670537603843855,Striatum,Cortex
413,PE(P-16:0/18:0)-H,1.1237278676540592,0.6116533756796669,Striatum,Cortex
414,PE(P-16:0/18:1)-H,1.246701461447178,0.22633067841201163,Striatum,Cortex
415,PE(P-16:0/18:2)-H,1.166048564272248,0.2524164879057772,Striatum,Cortex
416,PE(P-16:0/18:3)-H,1.2967092676088483,0.23735649281242957,Striatum,Cortex
417,PE(P-16:0/20:1)-H,0.8891941338996107,0.6872685007656639,Striatum,Cortex
418,PE(P-16:0/20:2)-H,1.1025345103878117,0.41451758044845555,Striatum,Cortex
419,PE(P-16:0/20:3)-H,1.3489187000673701,0.003947749187988455,Striatum,Cortex
420,PE(P-16:0/20:4)-H,1.5384968061481081,2.2955482006209722e-05,Striatum,Cortex
421,PE(P-16:0/20:5)-H,1.5534668211507923,0.01228151957815068,Striatum,Cortex
422,PE(P-16:0/22:4)-H,1.3999686347569291,0.0007202912180963709,Striatum,Cortex
423,PE(P-16:0/22:5)-H,1.0980609891119328,0.34405380126661234,Striatum,Cortex
424,PE(P-16:0/22:6)-H,1.0293720574112926,0.7896888604634783,Striatum,Cortex
425,PE(P-16:1/18:1)-H,1.1704464766851392,0.28066900334717043,Striatum,Cortex
426,PE(P-18:0/16:0)-H,0.8974370379241166,0.4368399196368238,Striatum,Cortex
427,PE(P-18:0/16:1)-H,1.3904152392116156,0.010758086797183593,Striatum,Cortex
428,PE(P-18:0/18:1)-H,1.1025103406042462,0.4899659195752867,Striatum,Cortex
429,PE(P-18:0/18:2)-H,1.2737688964917524,0.06892670420668903,Striatum,Cortex
430,PE(P-18:0/20:1)-H,0.9721695141818145,0.9221487077192214,Striatum,Cortex
431,PE(P-18:0/20:2)-H,0.9563563071202063,0.7958751278163605,Striatum,Cortex
432,PE(P-18:0/20:3)-H,1.1279322958971394,0.314311711182521,Striatum,Cortex
433,PE(P-18:0/20:4)-H,1.3185067136220123,0.02269720990267174,Striatum,Cortex
434,PE(P-18:0/20:5)-H,1.3667162041557286,0.024336725278336083,Striatum,Cortex
435,PE(P-18:0/22:4)-H,1.426780831433718,0.015696489660295587,Striatum,Cortex
436,PE(P-18:0/22:5)-H,1.131386581913418,0.30216966296171305,Striatum,Cortex
437,PE(P-18:0/22:6)-H,1.023404001421795,0.8586157717976675,Striatum,Cortex
438,PE(P-18:1/16:0)-H,1.1335972509020995,0.21126946021427587,Striatum,Cortex
439,PE(P-18:1/16:1)-H,1.5096020342179488,0.00013932680308816818,Striatum,Cortex
440,PE(P-18:1/18:0)-H,1.2154246933012114,0.15990057468395852,Striatum,Cortex
441,PE(P-18:1/18:1)-H,1.2928313023774602,0.05572595452289316,Striatum,Cortex
442,PE(P-18:1/18:2)-H,1.3141120149741163,0.01265588355326698,Striatum,Cortex
443,PE(P-18:1/20:1)-H,1.1250241695396979,0.5198867634370921,Striatum,Cortex
444,PE(P-18:1/20:2)-H,1.1440045404823265,0.25231932484438885,Striatum,Cortex
445,PE(P-18:1/20:3)-H,1.2778052108383544,0.03599120185620386,Striatum,Cortex
446,PE(P-18:1/20:4)-H,1.3224766489821542,0.03940983840905214,Striatum,Cortex
447,PE(P-18:1/20:5)-H,1.680443844733793,0.0012038836741102316,Striatum,Cortex
448,PE(P-18:1/22:4)-H,1.350595879163805,0.049845896738111684,Striatum,Cortex
449,PE(P-18:1/22:5)-H,1.1652252070561022,0.22742746492221,Striatum,Cortex
450,PE(P-18:1/22:6)-H,1.0661646239999933,0.6376712451298766,Striatum,Cortex
451,PE(P-18:2/18:2)-H,1.1010929698185028,0.6010679133489387,Striatum,Cortex
452,PE(P-18:2/20:4)-H,1.0878444542943784,0.4748778020648884,Striatum,Cortex
453,PE(P-18:2/22:6)-H,0.8882639990983926,0.3889988668407651,Striatum,Cortex
454,LPG(16:0)-H,1.0537784770175593,0.6248010955729029,Striatum,Cortex
455,LPG(18:0)-H,1.2966748686141212,0.08825754257681347,Striatum,Cortex
456,PG(14:0/14:0)-H,1.0346089523101127,0.8045724277615299,Striatum,Cortex
457,PG(14:1/14:1)-H,1.059692409638793,0.7718314393483963,Striatum,Cortex
458,PG(14:0/18:1)-H,0.9206615457364868,0.4591736287096403,Striatum,Cortex
459,PG(14:0/18:2)-H,0.7665563310957499,0.031290357853814274,Striatum,Cortex
460,PG(14:0/18:3)-H,0.8545033638699303,0.640497215425726,Striatum,Cortex
461,PG(14:0/20:1)-H,1.0861628744156278,0.6347279713199244,Striatum,Cortex
462,PG(14:0/20:2)-H,0.8333706757067089,0.07742126560080254,Striatum,Cortex
463,PG(14:0/20:3)-H,0.9062896822192613,0.4488272435723598,Striatum,Cortex
464,PG(14:0/20:4)-H,0.993841240708528,0.9375115762074552,Striatum,Cortex
465,PG(14:0/22:4)-H,1.148047565989964,0.30584288281788896,Striatum,Cortex
466,PG(14:0/22:5)-H,1.1375562226985592,0.3890149307185672,Striatum,Cortex
467,PG(14:0/22:6)-H,0.8264643630740515,0.11113535262689667,Striatum,Cortex
468,PG(16:0/14:0)-H,0.6857312491014727,0.0036108053255919587,Striatum,Cortex
469,PG(16:0/16:0)-H,0.6162187967994306,0.00021472421265625487,Striatum,Cortex
470,PG(16:0/16:1)-H,0.7897950665548771,0.004797362351421358,Striatum,Cortex
471,PG(16:0/18:0)-H,0.8941513797872466,0.13839379211546232,Striatum,Cortex
472,PG(16:0/18:1)-H,0.8859479474605861,0.05615546389535853,Striatum,Cortex
473,PG(16:0/18:2)-H,0.80248465197609,0.0024139128429570516,Striatum,Cortex
474,PG(16:0/18:3)-H,0.7494435707389265,0.0007025426403449088,Striatum,Cortex
475,PG(16:0/20:1)-H,1.0111196447729516,0.9172641085616259,Striatum,Cortex
476,PG(16:0/20:2)-H,0.7273618754622259,0.001523647368198322,Striatum,Cortex
477,PG(16:0/20:3)-H,0.7463552403431825,0.0001453840717634286,Striatum,Cortex
478,PG(16:0/20:4)-H,0.7572717608591468,0.000839132496998127,Striatum,Cortex
479,PG(16:0/20:5)-H,1.0371502898985445,0.6773500239962378,Striatum,Cortex
480,PG(16:0/22:4)-H,1.0321532096576231,0.6746239148076714,Striatum,Cortex
481,PG(16:0/22:5)-H,0.7955995987032924,0.0090253032443399,Striatum,Cortex
482,PG(16:0/22:6)-H,0.7816734656379347,0.004165258823017946,Striatum,Cortex
483,PG(18:0/14:0)-H,0.6576418324940658,0.0034306782967970517,Striatum,Cortex
484,PG(18:0/16:1)-H,0.8859590937290408,0.286034633846527,Striatum,Cortex
485,PG(18:0/18:0)-H,0.9183613537737838,0.40922163963155367,Striatum,Cortex
486,PG(18:0/18:1)-H,0.9220107795466062,0.3220836533940308,Striatum,Cortex
487,PG(18:0/18:2)-H,0.8417884632166703,0.11648918355330004,Striatum,Cortex
488,PG(18:0/18:3)-H,0.8720709426092349,0.07280454089969003,Striatum,Cortex
489,PG(18:0/20:0)-H,0.8459300952447113,0.06684994595259813,Striatum,Cortex
490,PG(18:0/20:1)-H,0.9412421656854447,0.6727447205595332,Striatum,Cortex
491,PG(18:0/20:2)-H,0.7125052162876218,0.006816825886428544,Striatum,Cortex
492,PG(18:0/20:3)-H,1.0876686507885918,0.2850567241853637,Striatum,Cortex
493,PG(18:0/20:4)-H,1.129725625294523,0.1006781554105509,Striatum,Cortex
494,PG(18:0/20:5)-H,1.0907951134935259,0.3200259253006367,Striatum,Cortex
495,PG(18:0/22:4)-H,1.2708098117431397,0.008720109818416345,Striatum,Cortex
496,PG(18:0/22:5)-H,0.8287208741465731,0.09169725891181328,Striatum,Cortex
497,PG(18:0/22:6)-H,0.8476892741598614,0.09383176175140104,Striatum,Cortex
498,PG(18:1/16:1)-H,1.0703386559920012,0.255983706762487,Striatum,Cortex
499,PG(18:1/18:1)-H,0.997922334810503,0.9744981203466797,Striatum,Cortex
500,PG(18:1/18:2)-H,0.8839416550023865,0.2435760497633223,Striatum,Cortex
501,PG(18:1/18:3)-H,0.8353214164072726,0.024169802182169162,Striatum,Cortex
502,PG(18:1/20:1)-H,1.1927469522573937,0.056854281421410066,Striatum,Cortex
503,PG(18:1/20:2)-H,0.6757149319564124,8.121806930084128e-05,Striatum,Cortex
504,PG(18:1/20:3)-H,1.0109123500457449,0.8801453732930213,Striatum,Cortex
505,PG(18:1/20:4)-H,0.9537478726233968,0.5428159075139403,Striatum,Cortex
506,PG(18:1/20:5)-H,1.1810803744135672,0.0696619807111446,Striatum,Cortex
507,PG(18:1/22:4)-H,1.3044333883730141,0.0020921568051591056,Striatum,Cortex
508,PG(18:1/22:5)-H,1.1493948364230464,0.11910526210586536,Striatum,Cortex
509,PG(18:1/22:6)-H,1.031640177145034,0.7511845288269556,Striatum,Cortex
510,PG(18:2/16:1)-H,1.0613377922276075,0.4476825235909694,Striatum,Cortex
511,PG(18:2/18:2)-H,0.9938921974513112,0.9535542815083236,Striatum,Cortex
512,PG(18:2/18:3)-H,0.9845256654503929,0.9105912479544453,Striatum,Cortex
513,PG(18:2/20:1)-H,1.0133148180129505,0.8863756080198277,Striatum,Cortex
514,PG(18:2/20:2)-H,0.7383980846896917,0.022678906143649355,Striatum,Cortex
515,PG(18:2/20:3)-H,0.9971891788552532,0.974301367064454,Striatum,Cortex
516,PG(18:2/20:4)-H,1.057254585889261,0.5748600427622974,Striatum,Cortex
517,PG(18:2/20:5)-H,1.008610151089241,0.9542964643837568,Striatum,Cortex
518,PG(18:2/22:4)-H,1.1791390657612058,0.07247684090201507,Striatum,Cortex
519,PG(18:2/22:5)-H,0.896793449526742,0.1850644626854951,Striatum,Cortex
520,PG(18:2/22:6)-H,0.8976892672546465,0.23618687397396568,Striatum,Cortex
521,PG(20:0/16:1)-H,0.7357112829833287,0.04461285746933265,Striatum,Cortex
522,PG(20:0/18:1)-H,0.8225670441633951,0.30013317208438417,Striatum,Cortex
523,PG(20:0/18:2)-H,1.0283988033188602,0.9046327988335395,Striatum,Cortex
524,PG(20:0/20:4)-H,0.7117901378522304,0.06932710169606682,Striatum,Cortex
525,LPI(16:0)-H,0.5528204258912532,0.005000868282260591,Striatum,Cortex
526,LPI(16:1)-H,0.6452338489525369,0.007888144353805396,Striatum,Cortex
527,LPI(18:0)-H,0.7945336071605984,0.14428319386408733,Striatum,Cortex
528,LPI(18:1)-H,0.7222863125437406,0.028138308768158055,Striatum,Cortex
529,LPI(18:2)-H,0.6789040811001253,0.009733349324570208,Striatum,Cortex
530,LPI(20:0)-H,0.8422098607425622,0.29962750618474643,Striatum,Cortex
531,LPI(20:1)-H,1.1320473007270182,0.354390789704743,Striatum,Cortex
532,LPI(20:2)-H,0.9417440830324142,0.6778116954551316,Striatum,Cortex
533,LPI(20:3)-H,0.9108272098389247,0.49251006488293914,Striatum,Cortex
534,LPI(20:4)-H,0.8909386937269301,0.5343863276295588,Striatum,Cortex
535,LPI(22:4)-H,0.9141586354190367,0.6231773545534594,Striatum,Cortex
536,PI(14:0/18:1)-H,1.4988899047845061,0.0010807506010690716,Striatum,Cortex
537,PI(14:0/18:3)-H,1.4605367267644918,,Striatum,Cortex
538,PI(14:0/20:1)-H,1.0662679224698048,0.48659625933241246,Striatum,Cortex
539,PI(14:0/20:4)-H,1.0828676899681646,0.4767724203953574,Striatum,Cortex
540,PI(16:0/16:0)-H,1.0379211576371972,0.6850274219965451,Striatum,Cortex
541,PI(16:0/16:1)-H,0.7817470185954218,0.0011632452912136066,Striatum,Cortex
542,PI(16:0/18:0)-H,1.0417095627521258,0.6125523355036375,Striatum,Cortex
543,PI(16:0/18:1)-H,0.8314300204967807,0.005686500533208216,Striatum,Cortex
544,PI(16:0/18:2)-H,0.717839121413124,1.2102993544276934e-05,Striatum,Cortex
545,PI(16:0/18:3)-H,0.7617055689477858,0.012607161688087015,Striatum,Cortex
546,PI(16:0/20:1)-H,1.3668986679917476,0.0013857127632707356,Striatum,Cortex
547,PI(16:0/20:2)-H,0.8370130602627197,0.016370394616769066,Striatum,Cortex
548,PI(16:0/20:3)-H,0.8883762273956473,0.09007161032953609,Striatum,Cortex
549,PI(16:0/20:4)-H,0.8609611491003254,0.09244662821188815,Striatum,Cortex
550,PI(16:0/20:5)-H,1.3152111164541436,0.0262152859677893,Striatum,Cortex
551,PI(16:0/22:4)-H,1.2697314113647653,0.00975758445892022,Striatum,Cortex
552,PI(16:0/22:5)-H,0.9591653751789043,0.6431800992287007,Striatum,Cortex
553,PI(16:0/22:6)-H,0.6265481837144692,0.00044520169467140004,Striatum,Cortex
554,PI(18:0/16:1)-H,1.04422875701672,0.6593362959028677,Striatum,Cortex
555,PI(18:0/18:0)-H,1.0409069047791168,0.5590173119882504,Striatum,Cortex
556,PI(18:0/18:1)-H,1.0003069391017905,0.9977462787602145,Striatum,Cortex
557,PI(18:0/18:2)-H,0.897512781001167,0.1709179764578167,Striatum,Cortex
558,PI(18:0/18:3)-H,0.8290899019523182,0.08925514429280357,Striatum,Cortex
559,PI(18:0/20:1)-H,1.0157330672024407,0.9369290354640388,Striatum,Cortex
560,PI(18:0/20:2)-H,1.0655222611529416,0.5011828474765088,Striatum,Cortex
561,PI(18:0/20:3)-H,1.110580622184663,0.11834924845613191,Striatum,Cortex
562,PI(18:0/20:4)-H,1.05945635605191,0.46283126473496283,Striatum,Cortex
563,PI(18:0/20:5)-H,1.0395016602744305,0.6267125132398051,Striatum,Cortex
564,PI(18:0/22:4)-H,1.2976519051338489,0.000618562819786205,Striatum,Cortex
565,PI(18:0/22:5)-H,0.7466077265575309,0.001783995889333092,Striatum,Cortex
566,PI(18:0/22:6)-H,0.6576000001749063,4.264932978125881e-06,Striatum,Cortex
567,PI(18:1/16:1)-H,0.9023898659002756,0.2854212909859713,Striatum,Cortex
568,PI(18:1/18:1)-H,1.0825336233878198,0.22433019310432697,Striatum,Cortex
569,PI(18:1/18:2)-H,0.9313329358003034,0.3790999829435272,Striatum,Cortex
570,PI(18:1/18:3)-H,0.8611191328877694,0.29583561547551135,Striatum,Cortex
571,PI(18:1/20:1)-H,1.2183798010182243,0.05677026066123093,Striatum,Cortex
572,PI(18:1/20:2)-H,0.9544192608413541,0.5206371491027122,Striatum,Cortex
573,PI(18:1/20:3)-H,0.9722349333921821,0.7356005119041497,Striatum,Cortex
574,PI(18:1/20:4)-H,0.954921133486986,0.6106512983456045,Striatum,Cortex
575,PI(18:1/20:5)-H,1.2575725755204736,0.048589548291765164,Striatum,Cortex
576,PI(18:1/22:4)-H,1.2571531056756227,0.006953781543022971,Striatum,Cortex
577,PI(18:1/22:5)-H,0.8790637250849898,0.17543168882753823,Striatum,Cortex
578,PI(18:1/22:6)-H,0.6909246035546119,0.0005315270019054267,Striatum,Cortex
579,PI(18:2/16:1)-H,0.7166929013070654,0.007109453312471518,Striatum,Cortex
580,PI(18:2/18:2)-H,0.8638465279450525,0.12489192665055444,Striatum,Cortex
581,PI(18:2/20:3)-H,0.8163635278025035,0.11644143185512272,Striatum,Cortex
582,PI(18:2/20:4)-H,0.8226909664715166,0.1031575186149914,Striatum,Cortex
583,PI(18:2/22:4)-H,1.207576885819348,0.14485883727895907,Striatum,Cortex
584,PI(18:2/22:6)-H,0.7785405577448196,0.1141600358705671,Striatum,Cortex
585,PI(20:0/16:1)-H,0.5060965131970514,,Striatum,Cortex
586,PI(20:0/18:1)-H,0.9980241853898579,0.9892112116646463,Striatum,Cortex
587,PI(20:0/20:4)-H,1.317134279973907,0.00047534779889361434,Striatum,Cortex
588,PI(20:0/22:6)-H,0.9635562308413533,0.7948544471823398,Striatum,Cortex
589,LPS(18:0)-H,0.4163639232734672,0.11829433529339589,Striatum,Cortex
590,LPS(18:1)-H,0.5977202565862968,0.2713516218358901,Striatum,Cortex
591,LPS(20:0)-H,0.39729775342457274,0.13449163853022852,Striatum,Cortex
592,PS(14:0/20:1)-H,0.8079355029836872,0.20061558904018834,Striatum,Cortex
593,PS(14:0/20:4)-H,0.817426805026527,0.4645386899367724,Striatum,Cortex
594,PS(16:0/18:0)-H,1.0994283592004366,0.5424727474710066,Striatum,Cortex
595,PS(16:0/20:1)-H,1.156968475391705,0.3452152063735866,Striatum,Cortex
596,PS(16:0/20:4)-H,1.347676869101972,0.0460224049713301,Striatum,Cortex
597,PS(16:0/20:5)-H,1.5207170647060928,0.007738414527753616,Striatum,Cortex
598,PS(16:0/22:4)-H,0.8698467959393761,0.532787843226935,Striatum,Cortex
599,PS(16:0/22:5)-H,1.2041916583009467,0.32517413510941695,Striatum,Cortex
600,PS(16:0/22:6)-H,1.2449364244990897,0.15580288202609965,Striatum,Cortex
601,PS(18:0/14:0)-H,1.0492987472771027,0.7870011770981717,Striatum,Cortex
602,PS(18:0/16:1)-H,1.0614299741397077,0.714161550089013,Striatum,Cortex
603,PS(18:0/18:0)-H,0.96488369004834,0.8275063505318645,Striatum,Cortex
604,PS(18:0/18:1)-H,1.0631770090282593,0.677470634564787,Striatum,Cortex
605,PS(18:0/18:2)-H,0.9366185410933138,0.6476783106442914,Striatum,Cortex
606,PS(18:0/18:3)-H,0.8688381234463219,0.2867617983257223,Striatum,Cortex
607,PS(18:0/20:0)-H,1.0930130578853254,0.48987691065461203,Striatum,Cortex
608,PS(18:0/20:1)-H,1.4984308416674326,0.006508966832547811,Striatum,Cortex
609,PS(18:0/20:2)-H,0.9602198325161676,0.7401141967537205,Striatum,Cortex
610,PS(18:0/20:3)-H,1.1063749452120528,0.47532070143940763,Striatum,Cortex
611,PS(18:0/20:4)-H,1.080337134193405,0.5544772190623154,Striatum,Cortex
612,PS(18:0/20:5)-H,1.1491410008770035,0.46654394881137584,Striatum,Cortex
613,PS(18:0/22:4)-H,1.4319717039496167,0.005965700036735264,Striatum,Cortex
614,PS(18:0/22:5)-H,1.1382704359541487,0.3752854320091106,Striatum,Cortex
615,PS(18:0/22:6)-H,1.0523421748048616,0.6711833393442113,Striatum,Cortex
616,PS(18:1/16:1)-H,0.972082324900042,0.8799631137517315,Striatum,Cortex
617,PS(18:1/18:1)-H,1.0709091400368524,0.6363644356939337,Striatum,Cortex
618,PS(18:1/20:2)-H,0.8367371610864323,0.44508680105636134,Striatum,Cortex
619,PS(18:1/20:4)-H,1.343711347647666,0.10964266908994207,Striatum,Cortex
620,PS(18:1/22:6)-H,1.225334295637698,0.25725880258801626,Striatum,Cortex
621,PS(18:2/18:2)-H,0.8301977439869862,0.32437843947587397,Striatum,Cortex
622,PS(18:2/20:1)-H,1.9628084942940058,0.00984348928854635,Striatum,Cortex
623,PS(18:2/20:2)-H,0.9432383763880986,0.8078527697641666,Striatum,Cortex
624,PS(18:2/20:4)-H,1.4288745600817374,0.05131012745614553,Striatum,Cortex
625,PS(18:2/22:6)-H,1.3394226159024747,0.15605579360450725,Striatum,Cortex
626,PS(20:0/16:1)-H,1.1977456024606925,0.16003810306452343,Striatum,Cortex
627,PS(20:0/18:2)-H,0.9981191766263234,0.9877846377379873,Striatum,Cortex
628,PS(20:0/18:3)-H,0.9950784671117264,0.9779104601981257,Striatum,Cortex
629,PS(20:0/20:1)-H,1.5230923273796841,0.0014916045824760595,Striatum,Cortex
630,PS(20:0/20:2)-H,1.09534705377901,0.4627983346820965,Striatum,Cortex
631,PS(20:0/20:3)-H,1.1662695457752092,0.3310497342365485,Striatum,Cortex
632,PS(20:0/20:4)-H,1.321020699038898,0.02346900341958138,Striatum,Cortex
633,PS(20:0/22:4)-H,1.5946722971363116,0.0015374798789502355,Striatum,Cortex
634,PS(20:0/22:5)-H,1.2889779177668348,0.11305193050955885,Striatum,Cortex
635,PS(20:0/22:6)-H,1.1053588355351294,0.745762736213377,Striatum,Cortex
636,FFA 12:0 (Lauric acid),1.1890160068448408,0.6544265853921101,Striatum,Cortex
637,FFA 13:0 (Tridecanoic acid),1.202900536967849,0.6457360107234174,Striatum,Cortex
638,FFA 14:0 (Myristic acid),1.1968976760577377,0.6372905666773847,Striatum,Cortex
639,"FFA 14:1 (Myristoleic acid, nâ€“5)",1.1434367938159062,0.6623083810107855,Striatum,Cortex
640,FFA 15:0 (Pentadecylic acid),1.2052921608375384,0.5930967605001537,Striatum,Cortex
641,FFA 16:0 (Palmitic acid),1.186694478664205,0.6959406635702343,Striatum,Cortex
642,"FFA 16:1 (Palmitoleic acid, nâ€“7)",1.2616933370932082,0.5363459267363648,Striatum,Cortex
643,FFA 17:0 (Margaric acid),1.256724223672329,0.5768241388728437,Striatum,Cortex
644,FFA 18:0 (Stearic acid),1.095287114785595,0.8107561612266213,Striatum,Cortex
645,"FFA 18:1 (Oleic acid, nâ€“9 or cis-Vaccenic acid, nâ€“7)",1.1081008335244058,0.7736340758127377,Striatum,Cortex
646,"FFA 18:1 (Elaidic acid, nâ€“9 or trans-Vaccenic acid, nâ€“7)",1.0756686263088469,0.8318283581082966,Striatum,Cortex
647,"FFA 18:2 (Linoleic acid, nâ€“6)",1.2831195880577448,0.5703673942771561,Striatum,Cortex
648,"FFA 18:3 (a-Linolenic acid, nâ€“3 or g-Linolenic acid, nâ€“6)",0.8990401622555292,0.7324631015027045,Striatum,Cortex
649,"FFA 18:4 (Stearidonic acid, nâ€“3)",1.408506758188622,0.5337164281358628,Striatum,Cortex
650,FFA 19:0 (Tuberculostearic acid),1.1314937242563008,0.7117196535671937,Striatum,Cortex
651,FFA 20:0 (Arachidic acid),1.1820664654917794,0.6330058789196497,Striatum,Cortex
652,"FFA 20:1 (cis-11-Eicosenoic acid, nâ€“9)",1.3648031050834168,0.4097651358350247,Striatum,Cortex
653,"FFA 20:2 (cis-11-14-Eicosadienoic acid, nâ€“6)",1.037878240096296,0.9158815141862747,Striatum,Cortex
654,"FFA 20:3 (Dihomo-g-linolenic acid, nâ€“6 or Mead acid, nâ€“9)",1.2584640779134122,0.5480234338468977,Striatum,Cortex
655,"FFA 20:4 (Arachidonic acid, nâ€“6)",1.1485093397566388,0.6999921079568205,Striatum,Cortex
656,"FFA 20:5 (Eicosapentaenoic acid, nâ€“3)",1.2495458188143318,0.5853571498112498,Striatum,Cortex
657,FFA 21:0 (Heneicosanoic acid),1.1626065614378374,0.6675511462159096,Striatum,Cortex
658,FFA 22:0 (Behenic acid),1.1964769913538509,0.6153455768231302,Striatum,Cortex
659,"FFA 22:1 (Erucic acid, nâ€“9)",1.4366843149676762,0.35938342641578924,Striatum,Cortex
660,"FFA 22:4 (Docosatetraenoic acid,  nâ€“6)",1.4968455285160756,0.3935082625788249,Striatum,Cortex
661,"FFA 22:5 (Docosapentaenoic acid, nâ€“6)",1.1307196918565443,0.7293638553671368,Striatum,Cortex
662,"FFA 22:6 (Docosahexaenoic acid, nâ€“3)",1.1738594502778137,0.6537388782644618,Striatum,Cortex
663,FFA 23:0 (Tricosanoic acid),1.1508115980947018,0.6967710875510914,Striatum,Cortex
664,FFA 24:0 (Lignoceric acid),1.134383959012521,0.7350226452790225,Striatum,Cortex
665,"FFA 24:1 (Nervonic acid, nâ€“9)",1.3449286009111239,0.5436777966982973,Striatum,Cortex
666,FFA 25:0 (Pentacosanoic acid),1.304985865215664,0.46847574352737,Striatum,Cortex
667,FFA 26:0 (Cerotic acid),1.117370311933025,0.7500217738134985,Striatum,Cortex
668,FFA 27:0 (Heptacosanoic acid),1.1851500087295979,0.6580735054335668,Striatum,Cortex
669,FFA 28:0 (Montanic acid),1.437698020205481,0.3874894954792155,Striatum,Cortex
670,EPA,1.6125170926897443,0.40818602220294165,Striatum,Cortex
671,DHA,1.0671877560534944,0.8563739668574513,Striatum,Cortex
672,DPA,1.128231600330957,0.7532109900367667,Striatum,Cortex
673,Adrenic Acid,1.610367881046536,0.3114621643727781,Striatum,Cortex
674,AA,1.1939652933402027,0.6285895043047891,Striatum,Cortex
675,CE(20:0)+H,1.0469275353861074,0.9038983824482926,Striatum,Cortex
676,CE(22:5)+H,3.1303561941142193,0.34654621641497685,Striatum,Cortex
677,CE(18:2)+H,1.9300573195163861,0.09089226395005029,Striatum,Cortex
678,CE(18:3)+H,0.9691716603331498,0.9525456792026773,Striatum,Cortex
679,TAG(44:1/FA16:0)+NH4,0.7317217653655322,0.610130404830601,Striatum,Cortex
680,TAG(44:2/FA16:0)+NH4,1.9226206590376256,0.29148498787333665,Striatum,Cortex
681,TAG(46:2/FA14:0)+NH4,0.7054386233357439,0.3659135655473289,Striatum,Cortex
682,TAG(47:1/FA14:0)+NH4,1.3363700141417958,0.6889642757451193,Striatum,Cortex
683,TAG(47:2/FA18:1)+NH4,2.1729161236654,0.1573795059291498,Striatum,Cortex
684,TAG(48:2/FA18:1)+NH4,0.7436789579154982,0.48600748983686093,Striatum,Cortex
685,TAG(48:3/FA16:0)+NH4,2.7669946105209324,0.32779715169634105,Striatum,Cortex
686,TAG(50:3/FA14:0)+NH4,1.252281105505643,0.8108795871187837,Striatum,Cortex
687,TAG(50:3/FA16:0)+NH4,0.665130752304178,0.47387208200142605,Striatum,Cortex
688,TAG(50:4/FA14:0)+NH4,0.8121555622393395,0.6671331426639819,Striatum,Cortex
689,TAG(51:3/FA16:1)+NH4,1.0570083024188222,0.8966510900639136,Striatum,Cortex
690,TAG(52:5/FA18:1)+NH4,0.5323073735516707,0.28402775588667706,Striatum,Cortex
691,TAG(52:6/FA16:1)+NH4,1.242336169025169,0.8005017193240223,Striatum,Cortex
692,TAG(55:5/FA18:2)+NH4,1.2534485481367903,0.6454690674248386,Striatum,Cortex
693,TAG(55:7/FA22:6)+NH4,0.3470344001576665,0.3292737715566161,Striatum,Cortex
694,DAG(16:0/16:1)+NH4,1.385935919533992,0.5290717399532985,Striatum,Cortex
695,DAG(14:0/20:0)+NH4,1.0427271132435678,0.8890678482601913,Striatum,Cortex
696,DAG(16:1/18:0)+NH4,1.135155944554408,0.7964642802213683,Striatum,Cortex
697,PC(16:0/20:5)+AcO,1.047756672577443,0.7424849903239291,Striatum,Cortex
698,PC(18:0/22:4)+AcO,1.2669221746369248,0.06821980334280019,Striatum,Cortex
699,PC(18:2/20:3)+AcO,0.5535509667001415,0.18842967890158704,Striatum,Cortex
700,PC(20:0/18:1)+AcO,1.1135167576204958,0.8775160490125012,Striatum,Cortex
701,PE(14:0/20:3)-H,0.9731650143235497,0.907474105503816,Striatum,Cortex
702,PE(18:2/20:2)-H,0.9484516104794836,0.696375569590334,Striatum,Cortex
703,PE(P-14:0/18:1)-H,1.367602598911926,0.18690968460807192,Striatum,Cortex
704,LPG(18:1)-H,1.0436787080065753,0.7126541655635856,Striatum,Cortex
705,PG(14:0/20:5)-H,1.5287490640312495,0.27455154020596123,Striatum,Cortex
706,LPS(20:4)-H,0.6715997576288562,0.5091078312262893,Striatum,Cortex
707,PS(14:0/18:1)-H,1.226261117282622,0.3090614496932175,Striatum,Cortex
708,CE(20:2)+H,0.49703018155632483,0.2091901816980284,Striatum,Cortex
709,CE(22:4)+H,1.0277464172612145,0.9461135854745453,Striatum,Cortex
710,TAG(45:1/FA18:1)+NH4,0.7153533403188074,0.49021622272073995,Striatum,Cortex
711,TAG(52:5/FA22:5)+NH4,1.6879547752529316,0.5605344993910047,Striatum,Cortex
712,TAG(52:6/FA20:5)+NH4,1.4025415880886933,0.694171763148552,Striatum,Cortex
713,TAG(52:7/FA16:0)+NH4,0.9475761896046541,0.9554077023136018,Striatum,Cortex
714,PC(18:1/22:4)+AcO,1.1965331172151803,0.19801323637810037,Striatum,Cortex
715,LPI(22:6)-H,0.5421042795875018,0.1590542294296405,Striatum,Cortex
716,CE(22:0)+H,0.31850856383032705,0.39585172385264855,Striatum,Cortex
717,TAG(50:5/FA18:2)+NH4,1.1725690656184162,0.8495198203359057,Striatum,Cortex
718,TAG(54:5/FA18:0)+NH4,2.189452330529556,0.2574070135763547,Striatum,Cortex
719,TAG(54:5/FA18:3)+NH4,0.2485729719188608,0.1405610569561127,Striatum,Cortex
720,TAG(54:7/FA18:3)+NH4,1.0524653332740463,0.9304161557111407,Striatum,Cortex
721,TAG(54:8/FA18:3)+NH4,0.6370030681702951,0.5312873230991979,Striatum,Cortex
722,PC(14:0/18:2)+AcO,0.8481863608618433,0.26539578725329316,Striatum,Cortex
723,PE(P-16:0/16:0)-H,0.7286791718266421,0.4085902462794393,Striatum,Cortex
724,PG(20:0/20:2)-H,0.8586540468146763,0.613623273050766,Striatum,Cortex
725,LPS(16:1)-H,1.4498684784353086,0.15460395388060844,Striatum,Cortex
726,PS(14:0/14:0)-H,1.0080963153896467,0.9632419671048515,Striatum,Cortex
727,PS(18:2/18:3)-H,0.8877825913744839,0.8399887370751216,Striatum,Cortex
728,CE(22:1)+H,0.9867945760895959,0.9796931293100669,Striatum,Cortex
729,TAG(50:1/FA14:0)+NH4,0.3123347986148952,0.49097944692252515,Striatum,Cortex
730,TAG(53:3/FA16:0)+NH4,0.7011538359220219,0.4881898580973181,Striatum,Cortex
731,PS(18:1/22:5)-H,0.40766580759413545,0.2877903202572506,Striatum,Cortex
732,TAG(54:4/FA22:4)+NH4,1.3017401324097173,0.7755951918491704,Striatum,Cortex
733,TAG(54:5/FA16:1)+NH4,0.8541460135117241,0.7015029784842719,Striatum,Cortex
734,TAG(52:8/FA16:1)+NH4,1.2644822717102948,0.7051790902336756,Striatum,Cortex
735,TAG(52:8/FA18:2)+NH4,53.29063523748319,,Striatum,Cortex
736,TAG(53:4/FA17:0)+NH4,0.33891664722834075,0.5492812417777566,Striatum,Cortex
737,DAG(16:0/18:3)+NH4,1.845207455230361,0.42725527601001867,Striatum,Cortex
738,PC(18:2/22:6)+AcO,0.554315225142064,,Striatum,Cortex
739,TAG(52:7/FA18:1)+NH4,18.57898029401226,0.27290883610939165,Striatum,Cortex
740,TAG(56:3/FA18:1)+NH4,2.7215535378077695,0.36339200333080135,Striatum,Cortex
741,PG(20:0/20:1)-H,1.0269447348702385,0.9263688885077502,Striatum,Cortex
742,TAG(50:4/FA18:3)+NH4,0.8224209443486509,0.8173386920302339,Striatum,Cortex
743,LPS(22:4)-H,0.7360715338274868,0.6283322410256433,Striatum,Cortex
744,TAG(50:4/FA16:0)+NH4,1.0103859198210323,0.9897944438689757,Striatum,Cortex
745,SM(22:0)+H,0.8657537475163773,0.7632180999477121,Cortex,Striatum
746,TAG(51:1/FA17:0)+NH4,1.090156594482935,,Cortex,Striatum
747,PC(18:0/20:2)+AcO,1.0823184458166424,0.7729013673184411,Cortex,Striatum
748,PC(18:0/22:5)+AcO,0.8413276884807376,0.2601771144989598,Cortex,Striatum
749,PG(20:0/20:5)-H,0.6652414983119167,,Cortex,Striatum
750,PC(18:1/22:5)+AcO,1.241623094498525,0.1463479553546558,Striatum,Cortex
751,PC(18:1/22:6)+AcO,1.2757185115545209,0.13908483493967155,Striatum,Cortex
752,PC(18:2/20:1)+AcO,1.776253577545085,0.0021913939410282755,Striatum,Cortex
753,PC(18:2/20:2)+AcO,1.0185578007662903,0.9215566447200745,Striatum,Cortex
754,PC(18:2/22:4)+AcO,2.062722692189525,0.010303285789927634,Striatum,Cortex
755,PC(20:0/16:1)+AcO,1.2498765598573538,0.264726822946269,Striatum,Cortex
756,PC(14:0/20:1)+AcO,1.3157851385283317,0.2771082582008817,Striatum,Cortex
757,PC(14:0/20:2)+AcO,1.0213001805055777,0.9069859178100574,Striatum,Cortex
758,PC(14:0/20:3)+AcO,0.9792920960952116,0.8991692169745544,Striatum,Cortex
759,PC(14:0/20:5)+AcO,0.832184070583471,0.45731919376005037,Striatum,Cortex
760,PC(14:0/22:4)+AcO,1.4297226130297038,0.023217693779816896,Striatum,Cortex
761,PC(14:0/22:5)+AcO,1.0802837632342834,0.5848144676305886,Striatum,Cortex
762,PC(14:0/22:6)+AcO,1.0418753462716555,0.798992074706463,Striatum,Cortex
763,PC(14:1/14:1)+AcO,1.596199747138066,,Striatum,Cortex
764,PC(18:0/18:3)+AcO,1.3145727806050853,0.27268463817727323,Striatum,Cortex
765,PC(18:0/20:5)+AcO,1.7191079514901018,0.034043040854126565,Striatum,Cortex
766,PC(18:0/22:6)+AcO,1.2309789000738116,0.13076577896045874,Striatum,Cortex
767,PC(18:1/18:3)+AcO,1.2577786277912417,0.2695989553601686,Striatum,Cortex
768,PC(18:1/20:5)+AcO,1.569407065012512,0.05768669058841805,Striatum,Cortex
